Business area (Medium description),agency,Cash Rev/Exp  Acct,Cash Rev/Exp Acct Name,Vendor Name,Fund (High Level) Name,posted,amount
S C CONSERVATION BANK,SC Conservation Bank,5070710000,LAND EASEMENTS,NATURALAND TRUST,General,2024-07-11,935000.0
S C CONSERVATION BANK,SC Conservation Bank,5070710000,LAND EASEMENTS,GASTON MARION & STUBBS PA,General,2024-07-24,1600000.0
S C CONSERVATION BANK,SC Conservation Bank,5070710000,LAND EASEMENTS,HORTON LAW FIRM PA,General,2024-08-05,950000.0
S C CONSERVATION BANK,SC Conservation Bank,5070710000,LAND EASEMENTS,NEWTON LAW FIRM OF CLEMSON LLC,General,2024-08-13,130000.0
S C CONSERVATION BANK,SC Conservation Bank,5070710000,LAND EASEMENTS,COX FERGUSON & WHAM LLC,General,2024-09-26,65000.0
S C CONSERVATION BANK,SC Conservation Bank,5070710000,LAND EASEMENTS,HAYNSWORTH SINKLER BOYD PA,General,2024-09-19,244378.0
S C CONSERVATION BANK,SC Conservation Bank,5070710000,LAND EASEMENTS,WYCHE PA,General,2024-09-26,105000.0
S C CONSERVATION BANK,SC Conservation Bank,5070710000,LAND EASEMENTS,ANDERSON & BROWN LLC,General,2024-09-06,700000.0
S C CONSERVATION BANK,SC Conservation Bank,5070710000,LAND EASEMENTS,YON LAW FIRM,Earmarked,2024-09-13,370000.0
S C CONSERVATION BANK,SC Conservation Bank,5070710000,LAND EASEMENTS,HENDERSON BRANDT & VIETH PA,Earmarked,2024-09-18,130000.0
S C CONSERVATION BANK,SC Conservation Bank,5070710000,LAND EASEMENTS,HENDERSON BRANDT & VIETH PA,General,2024-09-18,120000.0
S C CONSERVATION BANK,SC Conservation Bank,5070710000,LAND EASEMENTS,RONALD J TALBERT,General,2024-10-09,56000.0
S C CONSERVATION BANK,SC Conservation Bank,5070710000,LAND EASEMENTS,FIRST AMERICAN TITLE INSURANCE COMP,Restricted,2024-10-14,14400000.0
S C CONSERVATION BANK,SC Conservation Bank,5070710000,LAND EASEMENTS,DAVID G WHITE PA,General,2024-10-15,400000.0
S C CONSERVATION BANK,SC Conservation Bank,5070710000,LAND EASEMENTS,OPEN SPACE INSTITUTE LAND TRUST INC,General,2024-10-28,229080.0
S C CONSERVATION BANK,SC Conservation Bank,5070710000,LAND EASEMENTS,HORTON LAW FIRM PA,General,2024-10-10,375000.0
S C CONSERVATION BANK,SC Conservation Bank,5070710000,LAND EASEMENTS,OPEN SPACE INSTITUTE LAND TRUST INC,Restricted,2024-10-28,5000000.0
S C CONSERVATION BANK,SC Conservation Bank,5170700000,ALLOC ST AGENCIES,DEPT OF NATURAL RESOURCES,General,2024-10-10,4000000.0
S C CONSERVATION BANK,SC Conservation Bank,5070710000,LAND EASEMENTS,EDISTO ISLAND OPEN LAND TRUST,General,2024-10-28,110000.0
S C CONSERVATION BANK,SC Conservation Bank,5070710000,LAND EASEMENTS,HORTON LAW FIRM PA,General,2024-11-15,2500000.0
S C CONSERVATION BANK,SC Conservation Bank,5070710000,LAND EASEMENTS,HAYNSWORTH SINKLER BOYD PA,Restricted,2024-11-12,8000000.0
S C CONSERVATION BANK,SC Conservation Bank,5070710000,LAND EASEMENTS,GAINEY & GAINEY LLP,General,2024-11-08,165000.0
S C CONSERVATION BANK,SC Conservation Bank,5070710000,LAND EASEMENTS,MCGOWAN ROGERS STEWART & HILLER PA,General,2024-11-20,110000.0
S C CONSERVATION BANK,SC Conservation Bank,5070710000,LAND EASEMENTS,YON LAW FIRM,General,2024-11-20,412500.0
S C CONSERVATION BANK,SC Conservation Bank,5070710000,LAND EASEMENTS,HARRELL & MARTIN PA,General,2024-11-18,86950.0
S C CONSERVATION BANK,SC Conservation Bank,5070710000,LAND EASEMENTS,LAKE & LAKE ATTORNEYS LLC,General,2024-11-12,72000.0
S C CONSERVATION BANK,SC Conservation Bank,5070710000,LAND EASEMENTS,WHITNER S BISHOP PA,General,2024-12-05,760000.0
S C CONSERVATION BANK,SC Conservation Bank,5070710000,LAND EASEMENTS,BEVON LAW FIRM LLC,General,2024-12-02,600000.0
S C CONSERVATION BANK,SC Conservation Bank,5070710000,LAND EASEMENTS,HORTON LAW FIRM PA,General,2024-12-17,1000000.0
S C CONSERVATION BANK,SC Conservation Bank,5070710000,LAND EASEMENTS,GASTON MARION & STUBBS PA,General,2024-12-20,565000.0
S C CONSERVATION BANK,SC Conservation Bank,5070710000,LAND EASEMENTS,NATHAN GUINN LLC,General,2024-12-20,115000.0
S C CONSERVATION BANK,SC Conservation Bank,5070710000,LAND EASEMENTS,"HAYNSWORTH SINKLER BOYD, P.A.",General,2025-01-24,500000.0
S C CONSERVATION BANK,SC Conservation Bank,5070710000,LAND EASEMENTS,YON LAW FIRM,General,2025-01-22,187600.0
S C CONSERVATION BANK,SC Conservation Bank,5070710000,LAND EASEMENTS,POPE PARKER JENKINS P A,General,2025-02-12,135000.0
S C CONSERVATION BANK,SC Conservation Bank,5070710000,LAND EASEMENTS,E SCOTT SANDERS LLC,General,2025-03-20,145000.0
S C CONSERVATION BANK,SC Conservation Bank,5070710000,LAND EASEMENTS,NATURALAND TRUST,General,2025-03-20,2400000.0
S C CONSERVATION BANK,SC Conservation Bank,5070710000,LAND EASEMENTS,NATHAN GUINN LLC,General,2025-03-31,122500.0
S C CONSERVATION BANK,SC Conservation Bank,5070710000,LAND EASEMENTS,HOWELL GIBSON & HUGHES PA,General,2025-03-05,560000.0
S C CONSERVATION BANK,SC Conservation Bank,5070710000,LAND EASEMENTS,MACK & MACK ATTORNEYS AT LAW,General,2025-03-10,325000.0
S C CONSERVATION BANK,SC Conservation Bank,5070710000,LAND EASEMENTS,JOHN M ERVIN III PA,General,2025-03-11,20000.0
S C CONSERVATION BANK,SC Conservation Bank,5070710000,LAND EASEMENTS,DODDS HENNESSY & STITH LLC,Earmarked,2025-04-28,160000.0
S C CONSERVATION BANK,SC Conservation Bank,5070710000,LAND EASEMENTS,HAYNSWORTH SINKLER BOYD PA,Earmarked,2025-04-25,498000.0
S C CONSERVATION BANK,SC Conservation Bank,5070710000,LAND EASEMENTS,MACK & MACK ATTORNEYS AT LAW,General,2025-04-16,205000.0
S C CONSERVATION BANK,SC Conservation Bank,5070710000,LAND EASEMENTS,FLORENCE COUNTY,General,2025-04-15,1250000.0
S C CONSERVATION BANK,SC Conservation Bank,5070710000,LAND EASEMENTS,BEVON LAW FIRM LLC,General,2025-04-09,100000.0
S C CONSERVATION BANK,SC Conservation Bank,5070710000,LAND EASEMENTS,CURTIS & CROFT LLC,Earmarked,2025-04-28,39600.0
S C CONSERVATION BANK,SC Conservation Bank,5070710000,LAND EASEMENTS,JENNINGS & JENNINGS P.A.,General,2025-05-20,1022500.0
S C CONSERVATION BANK,SC Conservation Bank,5070710000,LAND EASEMENTS,PFLUG LAW FIRM LLC,Earmarked,2025-05-15,830000.0
S C CONSERVATION BANK,SC Conservation Bank,5070710000,LAND EASEMENTS,WILLIAM E DURANT JR,Earmarked,2025-05-23,536000.0
S C CONSERVATION BANK,SC Conservation Bank,5070710000,LAND EASEMENTS,ANDERSON & BROWN LLC,Earmarked,2025-05-08,100000.0
S C CONSERVATION BANK,SC Conservation Bank,5070710000,LAND EASEMENTS,HAYNSWORTH SINKLER BOYD PA,Earmarked,2025-05-07,3350000.0
S C CONSERVATION BANK,SC Conservation Bank,5070710000,LAND EASEMENTS,JENNINGS & JENNINGS P.A.,Earmarked,2025-05-20,272500.0
S C CONSERVATION BANK,SC Conservation Bank,5070710000,LAND EASEMENTS,SC BATTLEGROUND PRESERVATION TRUST,Earmarked,2025-06-02,15000.0
S C CONSERVATION BANK,SC Conservation Bank,5170700000,ALLOC ST AGENCIES,PARKS RECREATION & TOURISM,General,2025-06-23,221107.0
S C CONSERVATION BANK,SC Conservation Bank,5070710000,LAND EASEMENTS,DAVID G WHITE PA,Earmarked,2025-06-06,630000.0
S C CONSERVATION BANK,SC Conservation Bank,5070710000,LAND EASEMENTS,BRIAN A MARTIN  LLC,Earmarked,2025-06-02,215000.0
S C CONSERVATION BANK,SC Conservation Bank,5070710000,LAND EASEMENTS,AUSTEN & GOWDER LLC,Earmarked,2025-06-10,750000.0
S C CONSERVATION BANK,SC Conservation Bank,5070710000,LAND EASEMENTS,WILLIAM E DURANT JR,Earmarked,2025-06-12,64350.0
S C CONSERVATION BANK,SC Conservation Bank,5070710000,LAND EASEMENTS,MCDONALD PATRICK POSTON HEMPHILL &,Earmarked,2025-06-27,112000.0
