section_number,agency_name,fiscal_year,subsection_name,line_item_description,general_funds,federal_funds,other_funds,total_funds,is_total_row,source_doc,page_number,agency
43,FORESTRY COMMISSION,FY2025-26,I. ADMINISTRATION,STATE FORESTER,168000.0,0.0,0.0,168000.0,0,tap1a.htm,123,Forestry Commission
43,FORESTRY COMMISSION,FY2025-26,I. ADMINISTRATION,CLASSIFIED POSITIONS,676087.0,0.0,0.0,676087.0,0,tap1a.htm,123,Forestry Commission
43,FORESTRY COMMISSION,FY2025-26,I. ADMINISTRATION,UNCLASSIFIED POSITIONS,88000.0,0.0,0.0,88000.0,0,tap1a.htm,123,Forestry Commission
43,FORESTRY COMMISSION,FY2025-26,I. ADMINISTRATION,OTHER PERSONAL SERVICES,10000.0,0.0,0.0,10000.0,0,tap1a.htm,123,Forestry Commission
43,FORESTRY COMMISSION,FY2025-26,I. ADMINISTRATION,OTHER OPERATING EXPENSES,141520.0,0.0,0.0,141520.0,0,tap1a.htm,123,Forestry Commission
43,FORESTRY COMMISSION,FY2025-26,I. ADMINISTRATION,TOTAL I. ADMINISTRATION,1083607.0,0.0,0.0,1083607.0,1,tap1a.htm,123,Forestry Commission
43,FORESTRY COMMISSION,FY2025-26,II. FOREST PROTECTION AND DEVELOPMENT,CLASSIFIED POSITIONS,17161232.0,0.0,1110518.0,18271750.0,0,tap1a.htm,123,Forestry Commission
43,FORESTRY COMMISSION,FY2025-26,II. FOREST PROTECTION AND DEVELOPMENT,NEW POSITIONS - ECONOMIC,73372.0,0.0,0.0,73372.0,0,tap1a.htm,123,Forestry Commission
43,FORESTRY COMMISSION,FY2025-26,II. FOREST PROTECTION AND DEVELOPMENT,NEW POSITIONS - MECHANIC IV,75000.0,0.0,0.0,75000.0,0,tap1a.htm,123,Forestry Commission
43,FORESTRY COMMISSION,FY2025-26,II. FOREST PROTECTION AND DEVELOPMENT,NEW POSITIONS -,75000.0,0.0,0.0,75000.0,0,tap1a.htm,123,Forestry Commission
43,FORESTRY COMMISSION,FY2025-26,II. FOREST PROTECTION AND DEVELOPMENT,OTHER PERSONAL SERVICES,175000.0,0.0,178000.0,353000.0,0,tap1a.htm,123,Forestry Commission
43,FORESTRY COMMISSION,FY2025-26,II. FOREST PROTECTION AND DEVELOPMENT,OTHER OPERATING EXPENSES,5923210.0,0.0,9373967.0,15297177.0,0,tap1a.htm,123,Forestry Commission
43,FORESTRY COMMISSION,FY2025-26,II. FOREST PROTECTION AND DEVELOPMENT,FOREST RENEWAL PROGRAM,200000.0,0.0,800000.0,1000000.0,0,tap1a.htm,123,Forestry Commission
43,FORESTRY COMMISSION,FY2025-26,II. FOREST PROTECTION AND DEVELOPMENT,ALLOC MUNICIPALITIES,0.0,0.0,30000.0,30000.0,0,tap1a.htm,123,Forestry Commission
43,FORESTRY COMMISSION,FY2025-26,II. FOREST PROTECTION AND DEVELOPMENT,ALLOC COUNTIES - RESTRICTED,0.0,0.0,47000.0,47000.0,0,tap1a.htm,123,Forestry Commission
43,FORESTRY COMMISSION,FY2025-26,II. FOREST PROTECTION AND DEVELOPMENT,ALLOC OTHER ENTITIES,125000.0,0.0,183475.0,308475.0,0,tap1a.htm,123,Forestry Commission
43,FORESTRY COMMISSION,FY2025-26,II. FOREST PROTECTION AND DEVELOPMENT,ALLOC PRIVATE SECTOR,0.0,0.0,1795000.0,1795000.0,0,tap1a.htm,123,Forestry Commission
43,FORESTRY COMMISSION,FY2025-26,II. FOREST PROTECTION AND DEVELOPMENT,TOTAL II. FOREST,23807814.0,0.0,13517960.0,37325774.0,1,tap1a.htm,123,Forestry Commission
43,FORESTRY COMMISSION,FY2025-26,III. STATE FORESTS,CLASSIFIED POSITIONS,0.0,0.0,1080000.0,1080000.0,0,tap1a.htm,123,Forestry Commission
43,FORESTRY COMMISSION,FY2025-26,,OTHER PERSONAL SERVICES,100000.0,0.0,50000.0,150000.0,0,tap1a.htm,124,Forestry Commission
43,FORESTRY COMMISSION,FY2025-26,,OTHER OPERATING EXPENSES,0.0,0.0,1047713.0,1047713.0,0,tap1a.htm,124,Forestry Commission
43,FORESTRY COMMISSION,FY2025-26,,ALLOC COUNTIES - RESTRICTED,0.0,0.0,1095000.0,1095000.0,0,tap1a.htm,124,Forestry Commission
43,FORESTRY COMMISSION,FY2025-26,,TOTAL III. STATE FORESTS,100000.0,0.0,3272713.0,3372713.0,1,tap1a.htm,124,Forestry Commission
43,FORESTRY COMMISSION,FY2025-26,IV. EDUCATION,CLASSIFIED POSITIONS,250800.0,0.0,0.0,250800.0,0,tap1a.htm,124,Forestry Commission
43,FORESTRY COMMISSION,FY2025-26,IV. EDUCATION,OTHER PERSONAL SERVICES,5000.0,0.0,0.0,5000.0,0,tap1a.htm,124,Forestry Commission
43,FORESTRY COMMISSION,FY2025-26,IV. EDUCATION,OTHER OPERATING EXPENSES,54925.0,0.0,0.0,54925.0,0,tap1a.htm,124,Forestry Commission
43,FORESTRY COMMISSION,FY2025-26,IV. EDUCATION,TOTAL IV. EDUCATION,310725.0,0.0,0.0,310725.0,1,tap1a.htm,124,Forestry Commission
43,FORESTRY COMMISSION,FY2025-26,V. EMPLOYEE BENEFITS,EMPLOYER CONTRIBUTIONS,10205785.0,0.0,945000.0,11150785.0,0,tap1a.htm,124,Forestry Commission
43,FORESTRY COMMISSION,FY2025-26,V. EMPLOYEE BENEFITS,TOTAL V. EMPLOYEE BENEFITS,10205785.0,0.0,945000.0,11150785.0,1,tap1a.htm,124,Forestry Commission
43,FORESTRY COMMISSION,FY2025-26,V. EMPLOYEE BENEFITS,TOTAL FORESTRY COMMISSION,35507931.0,0.0,17735673.0,53243604.0,1,tap1a.htm,124,Forestry Commission
43,FORESTRY COMMISSION,FY2024-25,I. ADMINISTRATION,STATE FORESTER,140291.0,0.0,0.0,140291.0,0,tap1a_fy2425.htm,121,Forestry Commission
43,FORESTRY COMMISSION,FY2024-25,I. ADMINISTRATION,CLASSIFIED POSITIONS,642986.0,0.0,0.0,642986.0,0,tap1a_fy2425.htm,121,Forestry Commission
43,FORESTRY COMMISSION,FY2024-25,I. ADMINISTRATION,NEW POSITIONS -,60810.0,0.0,0.0,60810.0,0,tap1a_fy2425.htm,121,Forestry Commission
43,FORESTRY COMMISSION,FY2024-25,I. ADMINISTRATION,UNCLASSIFIED POSITIONS,88000.0,0.0,0.0,88000.0,0,tap1a_fy2425.htm,121,Forestry Commission
43,FORESTRY COMMISSION,FY2024-25,I. ADMINISTRATION,OTHER PERSONAL SERVICES,10000.0,0.0,0.0,10000.0,0,tap1a_fy2425.htm,121,Forestry Commission
43,FORESTRY COMMISSION,FY2024-25,I. ADMINISTRATION,OTHER OPERATING EXPENSES,141520.0,0.0,0.0,141520.0,0,tap1a_fy2425.htm,121,Forestry Commission
43,FORESTRY COMMISSION,FY2024-25,I. ADMINISTRATION,TOTAL I. ADMINISTRATION,1083607.0,0.0,0.0,1083607.0,1,tap1a_fy2425.htm,121,Forestry Commission
43,FORESTRY COMMISSION,FY2024-25,II. FOREST PROTECTION AND DEVELOPMENT,CLASSIFIED POSITIONS,15931449.0,0.0,1110518.0,17041967.0,0,tap1a_fy2425.htm,121,Forestry Commission
43,FORESTRY COMMISSION,FY2024-25,II. FOREST PROTECTION AND DEVELOPMENT,NEW POSITIONS - FORESTER II,128378.0,0.0,0.0,128378.0,0,tap1a_fy2425.htm,121,Forestry Commission
43,FORESTRY COMMISSION,FY2024-25,II. FOREST PROTECTION AND DEVELOPMENT,NEW POSITIONS -,74324.0,0.0,0.0,74324.0,0,tap1a_fy2425.htm,121,Forestry Commission
43,FORESTRY COMMISSION,FY2024-25,II. FOREST PROTECTION AND DEVELOPMENT,NEW POSITIONS -,74324.0,0.0,0.0,74324.0,0,tap1a_fy2425.htm,121,Forestry Commission
43,FORESTRY COMMISSION,FY2024-25,II. FOREST PROTECTION AND DEVELOPMENT,OTHER PERSONAL SERVICES,175000.0,0.0,178000.0,353000.0,0,tap1a_fy2425.htm,121,Forestry Commission
43,FORESTRY COMMISSION,FY2024-25,II. FOREST PROTECTION AND DEVELOPMENT,OTHER OPERATING EXPENSES,5262210.0,0.0,11980567.0,17242777.0,0,tap1a_fy2425.htm,121,Forestry Commission
43,FORESTRY COMMISSION,FY2024-25,II. FOREST PROTECTION AND DEVELOPMENT,FOREST RENEWAL PROGRAM,200000.0,0.0,800000.0,1000000.0,0,tap1a_fy2425.htm,121,Forestry Commission
43,FORESTRY COMMISSION,FY2024-25,II. FOREST PROTECTION AND DEVELOPMENT,ALLOC MUNICIPALITIES,0.0,0.0,30000.0,30000.0,0,tap1a_fy2425.htm,121,Forestry Commission
43,FORESTRY COMMISSION,FY2024-25,II. FOREST PROTECTION AND DEVELOPMENT,ALLOC COUNTIES - RESTRICTED,0.0,0.0,47000.0,47000.0,0,tap1a_fy2425.htm,121,Forestry Commission
43,FORESTRY COMMISSION,FY2024-25,II. FOREST PROTECTION AND DEVELOPMENT,ALLOC OTHER ENTITIES,125000.0,0.0,183475.0,308475.0,0,tap1a_fy2425.htm,121,Forestry Commission
43,FORESTRY COMMISSION,FY2024-25,II. FOREST PROTECTION AND DEVELOPMENT,ALLOC PRIVATE SECTOR,0.0,0.0,1795000.0,1795000.0,0,tap1a_fy2425.htm,121,Forestry Commission
43,FORESTRY COMMISSION,FY2024-25,II. FOREST PROTECTION AND DEVELOPMENT,TOTAL II. FOREST,21970685.0,0.0,16124560.0,38095245.0,1,tap1a_fy2425.htm,121,Forestry Commission
43,FORESTRY COMMISSION,FY2024-25,III. STATE FORESTS,CLASSIFIED POSITIONS,0.0,0.0,1080000.0,1080000.0,0,tap1a_fy2425.htm,122,Forestry Commission
43,FORESTRY COMMISSION,FY2024-25,III. STATE FORESTS,OTHER PERSONAL SERVICES,100000.0,0.0,50000.0,150000.0,0,tap1a_fy2425.htm,122,Forestry Commission
43,FORESTRY COMMISSION,FY2024-25,III. STATE FORESTS,OTHER OPERATING EXPENSES,0.0,0.0,1047713.0,1047713.0,0,tap1a_fy2425.htm,122,Forestry Commission
43,FORESTRY COMMISSION,FY2024-25,III. STATE FORESTS,ALLOC COUNTIES - RESTRICTED,0.0,0.0,1095000.0,1095000.0,0,tap1a_fy2425.htm,122,Forestry Commission
43,FORESTRY COMMISSION,FY2024-25,III. STATE FORESTS,TOTAL III. STATE FORESTS,100000.0,0.0,3272713.0,3372713.0,1,tap1a_fy2425.htm,122,Forestry Commission
43,FORESTRY COMMISSION,FY2024-25,IV. EDUCATION,CLASSIFIED POSITIONS,250800.0,0.0,0.0,250800.0,0,tap1a_fy2425.htm,122,Forestry Commission
43,FORESTRY COMMISSION,FY2024-25,IV. EDUCATION,OTHER PERSONAL SERVICES,5000.0,0.0,0.0,5000.0,0,tap1a_fy2425.htm,122,Forestry Commission
43,FORESTRY COMMISSION,FY2024-25,IV. EDUCATION,OTHER OPERATING EXPENSES,54925.0,0.0,0.0,54925.0,0,tap1a_fy2425.htm,122,Forestry Commission
43,FORESTRY COMMISSION,FY2024-25,IV. EDUCATION,TOTAL IV. EDUCATION,310725.0,0.0,0.0,310725.0,1,tap1a_fy2425.htm,122,Forestry Commission
43,FORESTRY COMMISSION,FY2024-25,V. EMPLOYEE BENEFITS,EMPLOYER CONTRIBUTIONS,9426869.0,0.0,945000.0,10371869.0,0,tap1a_fy2425.htm,122,Forestry Commission
43,FORESTRY COMMISSION,FY2024-25,V. EMPLOYEE BENEFITS,TOTAL V. EMPLOYEE BENEFITS,9426869.0,0.0,945000.0,10371869.0,1,tap1a_fy2425.htm,122,Forestry Commission
43,FORESTRY COMMISSION,FY2024-25,V. EMPLOYEE BENEFITS,TOTAL FORESTRY COMMISSION,32891886.0,0.0,20342273.0,53234159.0,1,tap1a_fy2425.htm,122,Forestry Commission
47,DEPARTMENT OF NATURAL RESOURCES,FY2025-26,I. ADMINISTRATION,EXECUTIVE DIRECTOR,187000.0,0.0,0.0,187000.0,0,tap1a.htm,133,Department of Natural Resources
47,DEPARTMENT OF NATURAL RESOURCES,FY2025-26,I. ADMINISTRATION,CLASSIFIED POSITIONS,1940193.0,0.0,1857377.0,3797570.0,0,tap1a.htm,133,Department of Natural Resources
47,DEPARTMENT OF NATURAL RESOURCES,FY2025-26,I. ADMINISTRATION,UNCLASSIFIED POSITIONS,137327.0,0.0,96521.0,233848.0,0,tap1a.htm,133,Department of Natural Resources
47,DEPARTMENT OF NATURAL RESOURCES,FY2025-26,I. ADMINISTRATION,OTHER PERSONAL SERVICES,66551.0,0.0,33867.0,100418.0,0,tap1a.htm,133,Department of Natural Resources
47,DEPARTMENT OF NATURAL RESOURCES,FY2025-26,I. ADMINISTRATION,OTHER OPERATING EXPENSES,3360381.0,0.0,1523000.0,4883381.0,0,tap1a.htm,133,Department of Natural Resources
47,DEPARTMENT OF NATURAL RESOURCES,FY2025-26,I. ADMINISTRATION,TOTAL I. ADMINISTRATION,5691452.0,0.0,3510765.0,9202217.0,1,tap1a.htm,133,Department of Natural Resources
47,DEPARTMENT OF NATURAL RESOURCES,FY2025-26,1. OUTREACH PROGRAMS,CLASSIFIED POSITIONS,1181102.0,0.0,75746.0,1256848.0,0,tap1a.htm,133,Department of Natural Resources
47,DEPARTMENT OF NATURAL RESOURCES,FY2025-26,1. OUTREACH PROGRAMS,UNCLASSIFIED POSITIONS,0.0,0.0,92266.0,92266.0,0,tap1a.htm,133,Department of Natural Resources
47,DEPARTMENT OF NATURAL RESOURCES,FY2025-26,1. OUTREACH PROGRAMS,OTHER PERSONAL SERVICES,36895.0,0.0,0.0,36895.0,0,tap1a.htm,133,Department of Natural Resources
47,DEPARTMENT OF NATURAL RESOURCES,FY2025-26,1. OUTREACH PROGRAMS,OTHER OPERATING EXPENSES,636150.0,0.0,38750.0,674900.0,0,tap1a.htm,133,Department of Natural Resources
47,DEPARTMENT OF NATURAL RESOURCES,FY2025-26,1. OUTREACH PROGRAMS,TOTAL 1. OUTREACH PROGRAMS,1854147.0,0.0,206762.0,2060909.0,1,tap1a.htm,133,Department of Natural Resources
47,DEPARTMENT OF NATURAL RESOURCES,FY2025-26,2. MAGAZINE,CLASSIFIED POSITIONS,173447.0,0.0,27960.0,201407.0,0,tap1a.htm,133,Department of Natural Resources
47,DEPARTMENT OF NATURAL RESOURCES,FY2025-26,2. MAGAZINE,OTHER PERSONAL SERVICES,0.0,0.0,1125.0,1125.0,0,tap1a.htm,133,Department of Natural Resources
47,DEPARTMENT OF NATURAL RESOURCES,FY2025-26,2. MAGAZINE,OTHER OPERATING EXPENSES,121000.0,0.0,644176.0,765176.0,0,tap1a.htm,133,Department of Natural Resources
47,DEPARTMENT OF NATURAL RESOURCES,FY2025-26,2. MAGAZINE,TOTAL 2. MAGAZINE,294447.0,0.0,673261.0,967708.0,1,tap1a.htm,133,Department of Natural Resources
47,DEPARTMENT OF NATURAL RESOURCES,FY2025-26,3. WEB SERVICES AND TECHNOLOGY DEVELOPMENT,CLASSIFIED POSITIONS,2013010.0,0.0,881666.0,2894676.0,0,tap1a.htm,133,Department of Natural Resources
47,DEPARTMENT OF NATURAL RESOURCES,FY2025-26,,OTHER PERSONAL SERVICES,0.0,0.0,12203.0,12203.0,0,tap1a.htm,134,Department of Natural Resources
47,DEPARTMENT OF NATURAL RESOURCES,FY2025-26,,OTHER OPERATING EXPENSES,2596924.0,0.0,735722.0,3332646.0,0,tap1a.htm,134,Department of Natural Resources
47,DEPARTMENT OF NATURAL RESOURCES,FY2025-26,,TOTAL 3. WEB SERVICES,4609934.0,0.0,1629591.0,6239525.0,1,tap1a.htm,134,Department of Natural Resources
47,DEPARTMENT OF NATURAL RESOURCES,FY2025-26,,TOTAL A.,6758528.0,0.0,2509614.0,9268142.0,1,tap1a.htm,134,Department of Natural Resources
47,DEPARTMENT OF NATURAL RESOURCES,FY2025-26,1. BOAT TITLING & REGISTRATION,CLASSIFIED POSITIONS,217158.0,0.0,1501316.0,1718474.0,0,tap1a.htm,134,Department of Natural Resources
47,DEPARTMENT OF NATURAL RESOURCES,FY2025-26,1. BOAT TITLING & REGISTRATION,NEW POSITIONS -,55559.0,0.0,0.0,55559.0,0,tap1a.htm,134,Department of Natural Resources
47,DEPARTMENT OF NATURAL RESOURCES,FY2025-26,1. BOAT TITLING & REGISTRATION,NEW POSITIONS -,156828.0,0.0,0.0,156828.0,0,tap1a.htm,134,Department of Natural Resources
47,DEPARTMENT OF NATURAL RESOURCES,FY2025-26,1. BOAT TITLING & REGISTRATION,OTHER PERSONAL SERVICES,0.0,0.0,47125.0,47125.0,0,tap1a.htm,134,Department of Natural Resources
47,DEPARTMENT OF NATURAL RESOURCES,FY2025-26,1. BOAT TITLING & REGISTRATION,OTHER OPERATING EXPENSES,742271.0,0.0,291600.0,1033871.0,0,tap1a.htm,134,Department of Natural Resources
47,DEPARTMENT OF NATURAL RESOURCES,FY2025-26,1. BOAT TITLING & REGISTRATION,TOTAL 1. BOAT,1171816.0,0.0,1840041.0,3011857.0,1,tap1a.htm,134,Department of Natural Resources
47,DEPARTMENT OF NATURAL RESOURCES,FY2025-26,2. FISHING & HUNTING LICENSES,CLASSIFIED POSITIONS,0.0,0.0,422430.0,422430.0,0,tap1a.htm,134,Department of Natural Resources
47,DEPARTMENT OF NATURAL RESOURCES,FY2025-26,2. FISHING & HUNTING LICENSES,OTHER PERSONAL SERVICES,0.0,0.0,44887.0,44887.0,0,tap1a.htm,134,Department of Natural Resources
47,DEPARTMENT OF NATURAL RESOURCES,FY2025-26,2. FISHING & HUNTING LICENSES,OTHER OPERATING EXPENSES,0.0,0.0,3112860.0,3112860.0,0,tap1a.htm,134,Department of Natural Resources
47,DEPARTMENT OF NATURAL RESOURCES,FY2025-26,2. FISHING & HUNTING LICENSES,TOTAL 2. FISHING,0.0,0.0,3580177.0,3580177.0,1,tap1a.htm,134,Department of Natural Resources
47,DEPARTMENT OF NATURAL RESOURCES,FY2025-26,2. FISHING & HUNTING LICENSES,TOTAL B. TITLING,1171816.0,0.0,5420218.0,6592034.0,1,tap1a.htm,134,Department of Natural Resources
47,DEPARTMENT OF NATURAL RESOURCES,FY2025-26,,CLASSIFIED POSITIONS,93891.0,0.0,582446.0,676337.0,0,tap1a.htm,135,Department of Natural Resources
47,DEPARTMENT OF NATURAL RESOURCES,FY2025-26,,OTHER PERSONAL SERVICES,0.0,0.0,44614.0,44614.0,0,tap1a.htm,135,Department of Natural Resources
47,DEPARTMENT OF NATURAL RESOURCES,FY2025-26,,OTHER OPERATING EXPENSES,57920.0,0.0,2044250.0,2102170.0,0,tap1a.htm,135,Department of Natural Resources
47,DEPARTMENT OF NATURAL RESOURCES,FY2025-26,,ALLOC MUNICIPALITIES,0.0,0.0,75000.0,75000.0,0,tap1a.htm,135,Department of Natural Resources
47,DEPARTMENT OF NATURAL RESOURCES,FY2025-26,,ALLOC COUNTIES - RESTRICTED,0.0,0.0,125000.0,125000.0,0,tap1a.htm,135,Department of Natural Resources
47,DEPARTMENT OF NATURAL RESOURCES,FY2025-26,,ALLOC OTHER ENTITIES,0.0,0.0,35000.0,35000.0,0,tap1a.htm,135,Department of Natural Resources
47,DEPARTMENT OF NATURAL RESOURCES,FY2025-26,,TOTAL 1. BOATING ACCESS,151811.0,0.0,2906310.0,3058121.0,1,tap1a.htm,135,Department of Natural Resources
47,DEPARTMENT OF NATURAL RESOURCES,FY2025-26,2. COUNTY WATER RECREATION FUND,OTHER OPERATING EXPENSES,0.0,0.0,263000.0,263000.0,0,tap1a.htm,135,Department of Natural Resources
47,DEPARTMENT OF NATURAL RESOURCES,FY2025-26,2. COUNTY WATER RECREATION FUND,ALLOC MUNICIPALITIES,0.0,0.0,531000.0,531000.0,0,tap1a.htm,135,Department of Natural Resources
47,DEPARTMENT OF NATURAL RESOURCES,FY2025-26,2. COUNTY WATER RECREATION FUND,ALLOC COUNTIES - RESTRICTED,0.0,0.0,825000.0,825000.0,0,tap1a.htm,135,Department of Natural Resources
47,DEPARTMENT OF NATURAL RESOURCES,FY2025-26,2. COUNTY WATER RECREATION FUND,ALLOC OTHER ENTITIES,0.0,0.0,25000.0,25000.0,0,tap1a.htm,135,Department of Natural Resources
47,DEPARTMENT OF NATURAL RESOURCES,FY2025-26,2. COUNTY WATER RECREATION FUND,TOTAL 2. COUNTY,0.0,0.0,1644000.0,1644000.0,1,tap1a.htm,135,Department of Natural Resources
47,DEPARTMENT OF NATURAL RESOURCES,FY2025-26,3. COUNTY GAME & FISH FUND,OTHER PERSONAL SERVICES,0.0,0.0,5583.0,5583.0,0,tap1a.htm,135,Department of Natural Resources
47,DEPARTMENT OF NATURAL RESOURCES,FY2025-26,3. COUNTY GAME & FISH FUND,OTHER OPERATING EXPENSES,0.0,0.0,425000.0,425000.0,0,tap1a.htm,135,Department of Natural Resources
47,DEPARTMENT OF NATURAL RESOURCES,FY2025-26,3. COUNTY GAME & FISH FUND,ALLOC COUNTIES - RESTRICTED,0.0,0.0,125000.0,125000.0,0,tap1a.htm,135,Department of Natural Resources
47,DEPARTMENT OF NATURAL RESOURCES,FY2025-26,3. COUNTY GAME & FISH FUND,TOTAL 3. COUNTY GAME,0.0,0.0,555583.0,555583.0,1,tap1a.htm,135,Department of Natural Resources
47,DEPARTMENT OF NATURAL RESOURCES,FY2025-26,3. COUNTY GAME & FISH FUND,TOTAL C. REGIONAL PROJECTS,151811.0,0.0,5105893.0,5257704.0,1,tap1a.htm,135,Department of Natural Resources
47,DEPARTMENT OF NATURAL RESOURCES,FY2025-26,1. WILDLIFE OPERATIONS,CLASSIFIED POSITIONS,383464.0,0.0,4987857.0,5371321.0,0,tap1a.htm,135,Department of Natural Resources
47,DEPARTMENT OF NATURAL RESOURCES,FY2025-26,,NEW POSITIONS -,117621.0,0.0,0.0,117621.0,0,tap1a.htm,136,Department of Natural Resources
47,DEPARTMENT OF NATURAL RESOURCES,FY2025-26,,NEW POSITIONS - GIS ANALYST,0.0,0.0,25955.0,25955.0,0,tap1a.htm,136,Department of Natural Resources
47,DEPARTMENT OF NATURAL RESOURCES,FY2025-26,,NEW POSITIONS - VETERINARIAN,80105.0,0.0,0.0,80105.0,0,tap1a.htm,136,Department of Natural Resources
47,DEPARTMENT OF NATURAL RESOURCES,FY2025-26,,UNCLASSIFIED POSITIONS,0.0,0.0,130514.0,130514.0,0,tap1a.htm,136,Department of Natural Resources
47,DEPARTMENT OF NATURAL RESOURCES,FY2025-26,,OTHER PERSONAL SERVICES,50000.0,0.0,447903.0,497903.0,0,tap1a.htm,136,Department of Natural Resources
47,DEPARTMENT OF NATURAL RESOURCES,FY2025-26,,OTHER OPERATING EXPENSES,6211934.0,0.0,10470632.0,16682566.0,0,tap1a.htm,136,Department of Natural Resources
47,DEPARTMENT OF NATURAL RESOURCES,FY2025-26,,ALLOC OTHER STATE AGENCIES,500000.0,0.0,100000.0,600000.0,0,tap1a.htm,136,Department of Natural Resources
47,DEPARTMENT OF NATURAL RESOURCES,FY2025-26,,ALLOC OTHER ENTITIES,0.0,0.0,150000.0,150000.0,0,tap1a.htm,136,Department of Natural Resources
47,DEPARTMENT OF NATURAL RESOURCES,FY2025-26,,TOTAL 1. WILDLIFE OPERATIONS,7343124.0,0.0,16312861.0,23655985.0,1,tap1a.htm,136,Department of Natural Resources
47,DEPARTMENT OF NATURAL RESOURCES,FY2025-26,2. WILDLIFE-STATEWIDE OPERATIONS,CLASSIFIED POSITIONS,197913.0,0.0,1318258.0,1516171.0,0,tap1a.htm,136,Department of Natural Resources
47,DEPARTMENT OF NATURAL RESOURCES,FY2025-26,2. WILDLIFE-STATEWIDE OPERATIONS,OTHER PERSONAL SERVICES,0.0,0.0,449681.0,449681.0,0,tap1a.htm,136,Department of Natural Resources
47,DEPARTMENT OF NATURAL RESOURCES,FY2025-26,2. WILDLIFE-STATEWIDE OPERATIONS,OTHER OPERATING EXPENSES,332155.0,0.0,2244431.0,2576586.0,0,tap1a.htm,136,Department of Natural Resources
47,DEPARTMENT OF NATURAL RESOURCES,FY2025-26,2. WILDLIFE-STATEWIDE OPERATIONS,ALLOC OTHER ENTITIES,0.0,0.0,95000.0,95000.0,0,tap1a.htm,136,Department of Natural Resources
47,DEPARTMENT OF NATURAL RESOURCES,FY2025-26,2. WILDLIFE-STATEWIDE OPERATIONS,TOTAL 2.,530068.0,0.0,4107370.0,4637438.0,1,tap1a.htm,136,Department of Natural Resources
47,DEPARTMENT OF NATURAL RESOURCES,FY2025-26,3. FISHERIES-REGIONAL OPERATIONS,CLASSIFIED POSITIONS,554047.0,0.0,2197511.0,2751558.0,0,tap1a.htm,136,Department of Natural Resources
47,DEPARTMENT OF NATURAL RESOURCES,FY2025-26,3. FISHERIES-REGIONAL OPERATIONS,OTHER PERSONAL SERVICES,0.0,0.0,740549.0,740549.0,0,tap1a.htm,136,Department of Natural Resources
47,DEPARTMENT OF NATURAL RESOURCES,FY2025-26,3. FISHERIES-REGIONAL OPERATIONS,OTHER OPERATING EXPENSES,616680.0,0.0,3480298.0,4096978.0,0,tap1a.htm,136,Department of Natural Resources
47,DEPARTMENT OF NATURAL RESOURCES,FY2025-26,3. FISHERIES-REGIONAL OPERATIONS,ALLOC OTHER ENTITIES,0.0,0.0,75000.0,75000.0,0,tap1a.htm,136,Department of Natural Resources
47,DEPARTMENT OF NATURAL RESOURCES,FY2025-26,3. FISHERIES-REGIONAL OPERATIONS,TOTAL 3.,1170727.0,0.0,6493358.0,7664085.0,1,tap1a.htm,136,Department of Natural Resources
47,DEPARTMENT OF NATURAL RESOURCES,FY2025-26,4. FISHERIES-HATCHERY OPERATIONS,CLASSIFIED POSITIONS,340142.0,0.0,1308333.0,1648475.0,0,tap1a.htm,137,Department of Natural Resources
47,DEPARTMENT OF NATURAL RESOURCES,FY2025-26,4. FISHERIES-HATCHERY OPERATIONS,OTHER PERSONAL SERVICES,0.0,0.0,261084.0,261084.0,0,tap1a.htm,137,Department of Natural Resources
47,DEPARTMENT OF NATURAL RESOURCES,FY2025-26,4. FISHERIES-HATCHERY OPERATIONS,OTHER OPERATING EXPENSES,1666491.0,0.0,2224017.0,3890508.0,0,tap1a.htm,137,Department of Natural Resources
47,DEPARTMENT OF NATURAL RESOURCES,FY2025-26,4. FISHERIES-HATCHERY OPERATIONS,TOTAL 4.,2006633.0,0.0,3793434.0,5800067.0,1,tap1a.htm,137,Department of Natural Resources
47,DEPARTMENT OF NATURAL RESOURCES,FY2025-26,4. FISHERIES-HATCHERY OPERATIONS,TOTAL D. WILDLIFE,11050552.0,0.0,30707023.0,41757575.0,1,tap1a.htm,137,Department of Natural Resources
47,DEPARTMENT OF NATURAL RESOURCES,FY2025-26,1. CONSERVATION ENFORCEMENT,CLASSIFIED POSITIONS,24390632.0,0.0,1580007.0,25970639.0,0,tap1a.htm,137,Department of Natural Resources
47,DEPARTMENT OF NATURAL RESOURCES,FY2025-26,1. CONSERVATION ENFORCEMENT,UNCLASSIFIED POSITIONS,170582.0,0.0,0.0,170582.0,0,tap1a.htm,137,Department of Natural Resources
47,DEPARTMENT OF NATURAL RESOURCES,FY2025-26,1. CONSERVATION ENFORCEMENT,OTHER PERSONAL SERVICES,960367.0,0.0,277510.0,1237877.0,0,tap1a.htm,137,Department of Natural Resources
47,DEPARTMENT OF NATURAL RESOURCES,FY2025-26,1. CONSERVATION ENFORCEMENT,OTHER OPERATING EXPENSES,8106472.0,0.0,4631670.0,12738142.0,0,tap1a.htm,137,Department of Natural Resources
47,DEPARTMENT OF NATURAL RESOURCES,FY2025-26,1. CONSERVATION ENFORCEMENT,TOTAL 1.,33628053.0,0.0,6489187.0,40117240.0,1,tap1a.htm,137,Department of Natural Resources
47,DEPARTMENT OF NATURAL RESOURCES,FY2025-26,2. BOATING SAFETY,CLASSIFIED POSITIONS,0.0,0.0,1376926.0,1376926.0,0,tap1a.htm,137,Department of Natural Resources
47,DEPARTMENT OF NATURAL RESOURCES,FY2025-26,2. BOATING SAFETY,OTHER OPERATING EXPENSES,0.0,0.0,1998454.0,1998454.0,0,tap1a.htm,137,Department of Natural Resources
47,DEPARTMENT OF NATURAL RESOURCES,FY2025-26,2. BOATING SAFETY,TOTAL 2. BOATING SAFETY,0.0,0.0,3375380.0,3375380.0,1,tap1a.htm,137,Department of Natural Resources
47,DEPARTMENT OF NATURAL RESOURCES,FY2025-26,3. HUNTER SAFETY,CLASSIFIED POSITIONS,0.0,0.0,1519479.0,1519479.0,0,tap1a.htm,137,Department of Natural Resources
47,DEPARTMENT OF NATURAL RESOURCES,FY2025-26,3. HUNTER SAFETY,OTHER PERSONAL SERVICES,0.0,0.0,239250.0,239250.0,0,tap1a.htm,137,Department of Natural Resources
47,DEPARTMENT OF NATURAL RESOURCES,FY2025-26,3. HUNTER SAFETY,OTHER OPERATING EXPENSES,0.0,0.0,2503384.0,2503384.0,0,tap1a.htm,137,Department of Natural Resources
47,DEPARTMENT OF NATURAL RESOURCES,FY2025-26,,TOTAL 3. HUNTER SAFETY,0.0,0.0,4262113.0,4262113.0,1,tap1a.htm,138,Department of Natural Resources
47,DEPARTMENT OF NATURAL RESOURCES,FY2025-26,,TOTAL E. LAW ENFORCEMENT,33628053.0,0.0,14126680.0,47754733.0,1,tap1a.htm,138,Department of Natural Resources
47,DEPARTMENT OF NATURAL RESOURCES,FY2025-26,1. MARINE CONSERVATION & MANAGEMENT,CLASSIFIED POSITIONS,1706695.0,0.0,2566659.0,4273354.0,0,tap1a.htm,138,Department of Natural Resources
47,DEPARTMENT OF NATURAL RESOURCES,FY2025-26,1. MARINE CONSERVATION & MANAGEMENT,NEW POSITIONS -,66488.0,0.0,0.0,66488.0,0,tap1a.htm,138,Department of Natural Resources
47,DEPARTMENT OF NATURAL RESOURCES,FY2025-26,1. MARINE CONSERVATION & MANAGEMENT,UNCLASSIFIED POSITIONS,124702.0,0.0,134327.0,259029.0,0,tap1a.htm,138,Department of Natural Resources
47,DEPARTMENT OF NATURAL RESOURCES,FY2025-26,1. MARINE CONSERVATION & MANAGEMENT,OTHER PERSONAL SERVICES,10000.0,0.0,431769.0,441769.0,0,tap1a.htm,138,Department of Natural Resources
47,DEPARTMENT OF NATURAL RESOURCES,FY2025-26,1. MARINE CONSERVATION & MANAGEMENT,OTHER OPERATING EXPENSES,1260845.0,0.0,6776689.0,8037534.0,0,tap1a.htm,138,Department of Natural Resources
47,DEPARTMENT OF NATURAL RESOURCES,FY2025-26,1. MARINE CONSERVATION & MANAGEMENT,ATLANTIC MARINE FISHERIES COMM,0.0,0.0,46000.0,46000.0,0,tap1a.htm,138,Department of Natural Resources
47,DEPARTMENT OF NATURAL RESOURCES,FY2025-26,1. MARINE CONSERVATION & MANAGEMENT,ALLOC OTHER ENTITIES,0.0,0.0,271500.0,271500.0,0,tap1a.htm,138,Department of Natural Resources
47,DEPARTMENT OF NATURAL RESOURCES,FY2025-26,1. MARINE CONSERVATION & MANAGEMENT,TOTAL 1. MARINE,3168730.0,0.0,10226944.0,13395674.0,1,tap1a.htm,138,Department of Natural Resources
47,DEPARTMENT OF NATURAL RESOURCES,FY2025-26,2. MARINE RESEARCH & MONITORING,CLASSIFIED POSITIONS,343749.0,0.0,1860031.0,2203780.0,0,tap1a.htm,138,Department of Natural Resources
47,DEPARTMENT OF NATURAL RESOURCES,FY2025-26,2. MARINE RESEARCH & MONITORING,NEW POSITIONS -,77099.0,0.0,0.0,77099.0,0,tap1a.htm,138,Department of Natural Resources
47,DEPARTMENT OF NATURAL RESOURCES,FY2025-26,2. MARINE RESEARCH & MONITORING,UNCLASSIFIED POSITIONS,546298.0,0.0,519804.0,1066102.0,0,tap1a.htm,138,Department of Natural Resources
47,DEPARTMENT OF NATURAL RESOURCES,FY2025-26,2. MARINE RESEARCH & MONITORING,OTHER PERSONAL SERVICES,10000.0,0.0,754177.0,764177.0,0,tap1a.htm,138,Department of Natural Resources
47,DEPARTMENT OF NATURAL RESOURCES,FY2025-26,2. MARINE RESEARCH & MONITORING,OTHER OPERATING EXPENSES,615319.0,0.0,2510791.0,3126110.0,0,tap1a.htm,138,Department of Natural Resources
47,DEPARTMENT OF NATURAL RESOURCES,FY2025-26,2. MARINE RESEARCH & MONITORING,ALLOC OTHER ENTITIES,0.0,0.0,913756.0,913756.0,0,tap1a.htm,138,Department of Natural Resources
47,DEPARTMENT OF NATURAL RESOURCES,FY2025-26,2. MARINE RESEARCH & MONITORING,TOTAL 2. MARINE,1592465.0,0.0,6558559.0,8151024.0,1,tap1a.htm,138,Department of Natural Resources
47,DEPARTMENT OF NATURAL RESOURCES,FY2025-26,,TOTAL F. MARINE RESOURCES,4761195.0,0.0,16785503.0,21546698.0,1,tap1a.htm,139,Department of Natural Resources
47,DEPARTMENT OF NATURAL RESOURCES,FY2025-26,1. EARTH SCIENCE,CLASSIFIED POSITIONS,1374817.0,0.0,242026.0,1616843.0,0,tap1a.htm,139,Department of Natural Resources
47,DEPARTMENT OF NATURAL RESOURCES,FY2025-26,1. EARTH SCIENCE,UNCLASSIFIED POSITIONS,181087.0,0.0,0.0,181087.0,0,tap1a.htm,139,Department of Natural Resources
47,DEPARTMENT OF NATURAL RESOURCES,FY2025-26,1. EARTH SCIENCE,OTHER PERSONAL SERVICES,0.0,0.0,208077.0,208077.0,0,tap1a.htm,139,Department of Natural Resources
47,DEPARTMENT OF NATURAL RESOURCES,FY2025-26,1. EARTH SCIENCE,OTHER OPERATING EXPENSES,426609.0,0.0,232750.0,659359.0,0,tap1a.htm,139,Department of Natural Resources
47,DEPARTMENT OF NATURAL RESOURCES,FY2025-26,1. EARTH SCIENCE,ALLOC OTHER ENTITIES,0.0,0.0,120000.0,120000.0,0,tap1a.htm,139,Department of Natural Resources
47,DEPARTMENT OF NATURAL RESOURCES,FY2025-26,1. EARTH SCIENCE,TOTAL 1. EARTH SCIENCE,1982513.0,0.0,802853.0,2785366.0,1,tap1a.htm,139,Department of Natural Resources
47,DEPARTMENT OF NATURAL RESOURCES,FY2025-26,2. CONSERVATION,CLASSIFIED POSITIONS,634473.0,0.0,658145.0,1292618.0,0,tap1a.htm,139,Department of Natural Resources
47,DEPARTMENT OF NATURAL RESOURCES,FY2025-26,2. CONSERVATION,OTHER PERSONAL SERVICES,0.0,0.0,18699.0,18699.0,0,tap1a.htm,139,Department of Natural Resources
47,DEPARTMENT OF NATURAL RESOURCES,FY2025-26,2. CONSERVATION,OTHER OPERATING EXPENSES,454052.0,0.0,2214951.0,2669003.0,0,tap1a.htm,139,Department of Natural Resources
47,DEPARTMENT OF NATURAL RESOURCES,FY2025-26,2. CONSERVATION,ALLOC MUNICIPALITIES,0.0,0.0,250000.0,250000.0,0,tap1a.htm,139,Department of Natural Resources
47,DEPARTMENT OF NATURAL RESOURCES,FY2025-26,2. CONSERVATION,ALLOC COUNTIES - RESTRICTED,0.0,0.0,250500.0,250500.0,0,tap1a.htm,139,Department of Natural Resources
47,DEPARTMENT OF NATURAL RESOURCES,FY2025-26,2. CONSERVATION,ALLOC OTHER ENTITIES,0.0,0.0,30000.0,30000.0,0,tap1a.htm,139,Department of Natural Resources
47,DEPARTMENT OF NATURAL RESOURCES,FY2025-26,2. CONSERVATION,AID TO CONSERVATION DISTRICTS,1150000.0,0.0,0.0,1150000.0,0,tap1a.htm,139,Department of Natural Resources
47,DEPARTMENT OF NATURAL RESOURCES,FY2025-26,2. CONSERVATION,TOTAL 2. CONSERVATION,2238525.0,0.0,3422295.0,5660820.0,1,tap1a.htm,139,Department of Natural Resources
47,DEPARTMENT OF NATURAL RESOURCES,FY2025-26,3. HERITAGE TRUST,CLASSIFIED POSITIONS,5323.0,0.0,2468719.0,2474042.0,0,tap1a.htm,139,Department of Natural Resources
47,DEPARTMENT OF NATURAL RESOURCES,FY2025-26,3. HERITAGE TRUST,NEW POSITIONS - GIS ANALYST,0.0,0.0,25955.0,25955.0,0,tap1a.htm,139,Department of Natural Resources
47,DEPARTMENT OF NATURAL RESOURCES,FY2025-26,3. HERITAGE TRUST,OTHER PERSONAL SERVICES,0.0,0.0,454924.0,454924.0,0,tap1a.htm,139,Department of Natural Resources
47,DEPARTMENT OF NATURAL RESOURCES,FY2025-26,,OTHER OPERATING EXPENSES,398709.0,0.0,2143957.0,2542666.0,0,tap1a.htm,140,Department of Natural Resources
47,DEPARTMENT OF NATURAL RESOURCES,FY2025-26,,TOTAL 3. HERITAGE TRUST,404032.0,0.0,5093555.0,5497587.0,1,tap1a.htm,140,Department of Natural Resources
47,DEPARTMENT OF NATURAL RESOURCES,FY2025-26,4. ENVIRONMENTAL REVIEW,CLASSIFIED POSITIONS,0.0,0.0,384778.0,384778.0,0,tap1a.htm,140,Department of Natural Resources
47,DEPARTMENT OF NATURAL RESOURCES,FY2025-26,4. ENVIRONMENTAL REVIEW,NEW POSITIONS - ATTORNEY V,147000.0,0.0,0.0,147000.0,0,tap1a.htm,140,Department of Natural Resources
47,DEPARTMENT OF NATURAL RESOURCES,FY2025-26,4. ENVIRONMENTAL REVIEW,NEW POSITIONS -,0.0,0.0,54978.0,54978.0,0,tap1a.htm,140,Department of Natural Resources
47,DEPARTMENT OF NATURAL RESOURCES,FY2025-26,4. ENVIRONMENTAL REVIEW,OTHER PERSONAL SERVICES,0.0,0.0,563.0,563.0,0,tap1a.htm,140,Department of Natural Resources
47,DEPARTMENT OF NATURAL RESOURCES,FY2025-26,4. ENVIRONMENTAL REVIEW,OTHER OPERATING EXPENSES,173840.0,0.0,95500.0,269340.0,0,tap1a.htm,140,Department of Natural Resources
47,DEPARTMENT OF NATURAL RESOURCES,FY2025-26,4. ENVIRONMENTAL REVIEW,TOTAL 4. ENVIRONMENTAL REVIEW,320840.0,0.0,535819.0,856659.0,1,tap1a.htm,140,Department of Natural Resources
47,DEPARTMENT OF NATURAL RESOURCES,FY2025-26,4. ENVIRONMENTAL REVIEW,"TOTAL G. LAND,",4945910.0,0.0,9854522.0,14800432.0,1,tap1a.htm,140,Department of Natural Resources
47,DEPARTMENT OF NATURAL RESOURCES,FY2025-26,4. ENVIRONMENTAL REVIEW,TOTAL II. PROGRAMS,62467865.0,0.0,84509453.0,146977318.0,1,tap1a.htm,140,Department of Natural Resources
47,DEPARTMENT OF NATURAL RESOURCES,FY2025-26,III. EMPLOYEE BENEFITS,EMPLOYER CONTRIBUTIONS,18168794.0,0.0,12852645.0,31021439.0,0,tap1a.htm,140,Department of Natural Resources
47,DEPARTMENT OF NATURAL RESOURCES,FY2025-26,III. EMPLOYEE BENEFITS,TOTAL III. EMPLOYEE BENEFITS,18168794.0,0.0,12852645.0,31021439.0,1,tap1a.htm,140,Department of Natural Resources
47,DEPARTMENT OF NATURAL RESOURCES,FY2025-26,III. EMPLOYEE BENEFITS,TOTAL DEPARTMENT OF,86328111.0,0.0,100872863.0,187200974.0,1,tap1a.htm,140,Department of Natural Resources
47,DEPARTMENT OF NATURAL RESOURCES,FY2024-25,I. ADMINISTRATION,EXECUTIVE DIRECTOR,187000.0,0.0,0.0,187000.0,0,tap1a_fy2425.htm,130,Department of Natural Resources
47,DEPARTMENT OF NATURAL RESOURCES,FY2024-25,I. ADMINISTRATION,CLASSIFIED POSITIONS,1926264.0,0.0,1660936.0,3587200.0,0,tap1a_fy2425.htm,130,Department of Natural Resources
47,DEPARTMENT OF NATURAL RESOURCES,FY2024-25,I. ADMINISTRATION,NEW POSITIONS - SENIOR AUDITOR,0.0,0.0,64885.0,64885.0,0,tap1a_fy2425.htm,130,Department of Natural Resources
47,DEPARTMENT OF NATURAL RESOURCES,FY2024-25,I. ADMINISTRATION,UNCLASSIFIED POSITIONS,300830.0,0.0,96521.0,397351.0,0,tap1a_fy2425.htm,130,Department of Natural Resources
47,DEPARTMENT OF NATURAL RESOURCES,FY2024-25,I. ADMINISTRATION,OTHER PERSONAL SERVICES,0.0,0.0,33811.0,33811.0,0,tap1a_fy2425.htm,130,Department of Natural Resources
47,DEPARTMENT OF NATURAL RESOURCES,FY2024-25,I. ADMINISTRATION,OTHER OPERATING EXPENSES,2290881.0,0.0,737000.0,3027881.0,0,tap1a_fy2425.htm,130,Department of Natural Resources
47,DEPARTMENT OF NATURAL RESOURCES,FY2024-25,I. ADMINISTRATION,TOTAL I. ADMINISTRATION,4704975.0,0.0,2593153.0,7298128.0,1,tap1a_fy2425.htm,130,Department of Natural Resources
47,DEPARTMENT OF NATURAL RESOURCES,FY2024-25,1. OUTREACH PROGRAMS,CLASSIFIED POSITIONS,871821.0,0.0,74509.0,946330.0,0,tap1a_fy2425.htm,130,Department of Natural Resources
47,DEPARTMENT OF NATURAL RESOURCES,FY2024-25,1. OUTREACH PROGRAMS,UNCLASSIFIED POSITIONS,0.0,0.0,92266.0,92266.0,0,tap1a_fy2425.htm,130,Department of Natural Resources
47,DEPARTMENT OF NATURAL RESOURCES,FY2024-25,1. OUTREACH PROGRAMS,OTHER PERSONAL SERVICES,36895.0,0.0,0.0,36895.0,0,tap1a_fy2425.htm,130,Department of Natural Resources
47,DEPARTMENT OF NATURAL RESOURCES,FY2024-25,1. OUTREACH PROGRAMS,OTHER OPERATING EXPENSES,636150.0,0.0,38750.0,674900.0,0,tap1a_fy2425.htm,130,Department of Natural Resources
47,DEPARTMENT OF NATURAL RESOURCES,FY2024-25,1. OUTREACH PROGRAMS,TOTAL 1. OUTREACH PROGRAMS,1544866.0,0.0,205525.0,1750391.0,1,tap1a_fy2425.htm,130,Department of Natural Resources
47,DEPARTMENT OF NATURAL RESOURCES,FY2024-25,2. MAGAZINE,CLASSIFIED POSITIONS,0.0,0.0,197591.0,197591.0,0,tap1a_fy2425.htm,130,Department of Natural Resources
47,DEPARTMENT OF NATURAL RESOURCES,FY2024-25,2. MAGAZINE,OTHER OPERATING EXPENSES,0.0,0.0,644176.0,644176.0,0,tap1a_fy2425.htm,130,Department of Natural Resources
47,DEPARTMENT OF NATURAL RESOURCES,FY2024-25,2. MAGAZINE,TOTAL 2. MAGAZINE,0.0,0.0,841767.0,841767.0,1,tap1a_fy2425.htm,130,Department of Natural Resources
47,DEPARTMENT OF NATURAL RESOURCES,FY2024-25,3. WEB SERVICES AND TECHNOLOGY DEVELOPMENT,CLASSIFIED POSITIONS,1799878.0,0.0,727998.0,2527876.0,0,tap1a_fy2425.htm,130,Department of Natural Resources
47,DEPARTMENT OF NATURAL RESOURCES,FY2024-25,,NEW POSITIONS -,0.0,0.0,53957.0,53957.0,0,tap1a_fy2425.htm,131,Department of Natural Resources
47,DEPARTMENT OF NATURAL RESOURCES,FY2024-25,,OTHER PERSONAL SERVICES,0.0,0.0,11078.0,11078.0,0,tap1a_fy2425.htm,131,Department of Natural Resources
47,DEPARTMENT OF NATURAL RESOURCES,FY2024-25,,OTHER OPERATING EXPENSES,1596924.0,0.0,735722.0,2332646.0,0,tap1a_fy2425.htm,131,Department of Natural Resources
47,DEPARTMENT OF NATURAL RESOURCES,FY2024-25,,TOTAL 3. WEB SERVICES,3396802.0,0.0,1528755.0,4925557.0,1,tap1a_fy2425.htm,131,Department of Natural Resources
47,DEPARTMENT OF NATURAL RESOURCES,FY2024-25,,TOTAL A.,4941668.0,0.0,2576047.0,7517715.0,1,tap1a_fy2425.htm,131,Department of Natural Resources
47,DEPARTMENT OF NATURAL RESOURCES,FY2024-25,1. BOAT TITLING & REGISTRATION,CLASSIFIED POSITIONS,199504.0,0.0,1078311.0,1277815.0,0,tap1a_fy2425.htm,131,Department of Natural Resources
47,DEPARTMENT OF NATURAL RESOURCES,FY2024-25,1. BOAT TITLING & REGISTRATION,NEW POSITIONS -,0.0,0.0,53957.0,53957.0,0,tap1a_fy2425.htm,131,Department of Natural Resources
47,DEPARTMENT OF NATURAL RESOURCES,FY2024-25,1. BOAT TITLING & REGISTRATION,NEW POSITIONS -,0.0,0.0,194655.0,194655.0,0,tap1a_fy2425.htm,131,Department of Natural Resources
47,DEPARTMENT OF NATURAL RESOURCES,FY2024-25,1. BOAT TITLING & REGISTRATION,NEW POSITIONS -,0.0,0.0,75210.0,75210.0,0,tap1a_fy2425.htm,131,Department of Natural Resources
47,DEPARTMENT OF NATURAL RESOURCES,FY2024-25,1. BOAT TITLING & REGISTRATION,OTHER PERSONAL SERVICES,0.0,0.0,46000.0,46000.0,0,tap1a_fy2425.htm,131,Department of Natural Resources
47,DEPARTMENT OF NATURAL RESOURCES,FY2024-25,1. BOAT TITLING & REGISTRATION,OTHER OPERATING EXPENSES,88712.0,0.0,291600.0,380312.0,0,tap1a_fy2425.htm,131,Department of Natural Resources
47,DEPARTMENT OF NATURAL RESOURCES,FY2024-25,1. BOAT TITLING & REGISTRATION,TOTAL 1. BOAT,288216.0,0.0,1739733.0,2027949.0,1,tap1a_fy2425.htm,131,Department of Natural Resources
47,DEPARTMENT OF NATURAL RESOURCES,FY2024-25,2. FISHING & HUNTING LICENSES,CLASSIFIED POSITIONS,0.0,0.0,401859.0,401859.0,0,tap1a_fy2425.htm,131,Department of Natural Resources
47,DEPARTMENT OF NATURAL RESOURCES,FY2024-25,2. FISHING & HUNTING LICENSES,OTHER PERSONAL SERVICES,0.0,0.0,44887.0,44887.0,0,tap1a_fy2425.htm,131,Department of Natural Resources
47,DEPARTMENT OF NATURAL RESOURCES,FY2024-25,2. FISHING & HUNTING LICENSES,OTHER OPERATING EXPENSES,0.0,0.0,3112860.0,3112860.0,0,tap1a_fy2425.htm,131,Department of Natural Resources
47,DEPARTMENT OF NATURAL RESOURCES,FY2024-25,2. FISHING & HUNTING LICENSES,TOTAL 2. FISHING,0.0,0.0,3559606.0,3559606.0,1,tap1a_fy2425.htm,131,Department of Natural Resources
47,DEPARTMENT OF NATURAL RESOURCES,FY2024-25,,TOTAL B. TITLING,288216.0,0.0,5299339.0,5587555.0,1,tap1a_fy2425.htm,132,Department of Natural Resources
47,DEPARTMENT OF NATURAL RESOURCES,FY2024-25,1. BOATING ACCESS,CLASSIFIED POSITIONS,73523.0,0.0,528277.0,601800.0,0,tap1a_fy2425.htm,132,Department of Natural Resources
47,DEPARTMENT OF NATURAL RESOURCES,FY2024-25,1. BOATING ACCESS,OTHER PERSONAL SERVICES,0.0,0.0,44051.0,44051.0,0,tap1a_fy2425.htm,132,Department of Natural Resources
47,DEPARTMENT OF NATURAL RESOURCES,FY2024-25,1. BOATING ACCESS,OTHER OPERATING EXPENSES,17920.0,0.0,2044250.0,2062170.0,0,tap1a_fy2425.htm,132,Department of Natural Resources
47,DEPARTMENT OF NATURAL RESOURCES,FY2024-25,1. BOATING ACCESS,ALLOC MUNICIPALITIES,0.0,0.0,75000.0,75000.0,0,tap1a_fy2425.htm,132,Department of Natural Resources
47,DEPARTMENT OF NATURAL RESOURCES,FY2024-25,1. BOATING ACCESS,ALLOC COUNTIES - RESTRICTED,0.0,0.0,125000.0,125000.0,0,tap1a_fy2425.htm,132,Department of Natural Resources
47,DEPARTMENT OF NATURAL RESOURCES,FY2024-25,1. BOATING ACCESS,ALLOC OTHER ENTITIES,0.0,0.0,35000.0,35000.0,0,tap1a_fy2425.htm,132,Department of Natural Resources
47,DEPARTMENT OF NATURAL RESOURCES,FY2024-25,1. BOATING ACCESS,TOTAL 1. BOATING ACCESS,91443.0,0.0,2851578.0,2943021.0,1,tap1a_fy2425.htm,132,Department of Natural Resources
47,DEPARTMENT OF NATURAL RESOURCES,FY2024-25,2. COUNTY WATER RECREATION FUND,OTHER OPERATING EXPENSES,0.0,0.0,263000.0,263000.0,0,tap1a_fy2425.htm,132,Department of Natural Resources
47,DEPARTMENT OF NATURAL RESOURCES,FY2024-25,2. COUNTY WATER RECREATION FUND,ALLOC MUNICIPALITIES,0.0,0.0,531000.0,531000.0,0,tap1a_fy2425.htm,132,Department of Natural Resources
47,DEPARTMENT OF NATURAL RESOURCES,FY2024-25,2. COUNTY WATER RECREATION FUND,ALLOC COUNTIES - RESTRICTED,0.0,0.0,825000.0,825000.0,0,tap1a_fy2425.htm,132,Department of Natural Resources
47,DEPARTMENT OF NATURAL RESOURCES,FY2024-25,2. COUNTY WATER RECREATION FUND,ALLOC OTHER ENTITIES,0.0,0.0,25000.0,25000.0,0,tap1a_fy2425.htm,132,Department of Natural Resources
47,DEPARTMENT OF NATURAL RESOURCES,FY2024-25,2. COUNTY WATER RECREATION FUND,TOTAL 2. COUNTY,0.0,0.0,1644000.0,1644000.0,1,tap1a_fy2425.htm,132,Department of Natural Resources
47,DEPARTMENT OF NATURAL RESOURCES,FY2024-25,3. COUNTY GAME & FISH FUND,OTHER PERSONAL SERVICES,0.0,0.0,5583.0,5583.0,0,tap1a_fy2425.htm,132,Department of Natural Resources
47,DEPARTMENT OF NATURAL RESOURCES,FY2024-25,3. COUNTY GAME & FISH FUND,OTHER OPERATING EXPENSES,0.0,0.0,425000.0,425000.0,0,tap1a_fy2425.htm,132,Department of Natural Resources
47,DEPARTMENT OF NATURAL RESOURCES,FY2024-25,3. COUNTY GAME & FISH FUND,ALLOC COUNTIES - RESTRICTED,0.0,0.0,125000.0,125000.0,0,tap1a_fy2425.htm,132,Department of Natural Resources
47,DEPARTMENT OF NATURAL RESOURCES,FY2024-25,3. COUNTY GAME & FISH FUND,TOTAL 3. COUNTY GAME,0.0,0.0,555583.0,555583.0,1,tap1a_fy2425.htm,132,Department of Natural Resources
47,DEPARTMENT OF NATURAL RESOURCES,FY2024-25,3. COUNTY GAME & FISH FUND,TOTAL C. REGIONAL PROJECTS,91443.0,0.0,5051161.0,5142604.0,1,tap1a_fy2425.htm,132,Department of Natural Resources
47,DEPARTMENT OF NATURAL RESOURCES,FY2024-25,1. WILDLIFE OPERATIONS,CLASSIFIED POSITIONS,368183.0,0.0,4762317.0,5130500.0,0,tap1a_fy2425.htm,133,Department of Natural Resources
47,DEPARTMENT OF NATURAL RESOURCES,FY2024-25,1. WILDLIFE OPERATIONS,UNCLASSIFIED POSITIONS,0.0,0.0,127139.0,127139.0,0,tap1a_fy2425.htm,133,Department of Natural Resources
47,DEPARTMENT OF NATURAL RESOURCES,FY2024-25,1. WILDLIFE OPERATIONS,OTHER PERSONAL SERVICES,50000.0,0.0,403163.0,453163.0,0,tap1a_fy2425.htm,133,Department of Natural Resources
47,DEPARTMENT OF NATURAL RESOURCES,FY2024-25,1. WILDLIFE OPERATIONS,OTHER OPERATING EXPENSES,3205557.0,0.0,11193932.0,14399489.0,0,tap1a_fy2425.htm,133,Department of Natural Resources
47,DEPARTMENT OF NATURAL RESOURCES,FY2024-25,1. WILDLIFE OPERATIONS,ALLOC OTHER STATE AGENCIES,500000.0,0.0,100000.0,600000.0,0,tap1a_fy2425.htm,133,Department of Natural Resources
47,DEPARTMENT OF NATURAL RESOURCES,FY2024-25,1. WILDLIFE OPERATIONS,ALLOC OTHER ENTITIES,0.0,0.0,150000.0,150000.0,0,tap1a_fy2425.htm,133,Department of Natural Resources
47,DEPARTMENT OF NATURAL RESOURCES,FY2024-25,1. WILDLIFE OPERATIONS,TOTAL 1. WILDLIFE OPERATIONS,4123740.0,0.0,16736551.0,20860291.0,1,tap1a_fy2425.htm,133,Department of Natural Resources
47,DEPARTMENT OF NATURAL RESOURCES,FY2024-25,2. WILDLIFE-STATEWIDE OPERATIONS,CLASSIFIED POSITIONS,194076.0,0.0,1258818.0,1452894.0,0,tap1a_fy2425.htm,133,Department of Natural Resources
47,DEPARTMENT OF NATURAL RESOURCES,FY2024-25,2. WILDLIFE-STATEWIDE OPERATIONS,OTHER PERSONAL SERVICES,0.0,0.0,437225.0,437225.0,0,tap1a_fy2425.htm,133,Department of Natural Resources
47,DEPARTMENT OF NATURAL RESOURCES,FY2024-25,2. WILDLIFE-STATEWIDE OPERATIONS,OTHER OPERATING EXPENSES,332155.0,0.0,2244431.0,2576586.0,0,tap1a_fy2425.htm,133,Department of Natural Resources
47,DEPARTMENT OF NATURAL RESOURCES,FY2024-25,2. WILDLIFE-STATEWIDE OPERATIONS,ALLOC OTHER ENTITIES,0.0,0.0,95000.0,95000.0,0,tap1a_fy2425.htm,133,Department of Natural Resources
47,DEPARTMENT OF NATURAL RESOURCES,FY2024-25,2. WILDLIFE-STATEWIDE OPERATIONS,TOTAL 2.,526231.0,0.0,4035474.0,4561705.0,1,tap1a_fy2425.htm,133,Department of Natural Resources
47,DEPARTMENT OF NATURAL RESOURCES,FY2024-25,3. FISHERIES-REGIONAL OPERATIONS,CLASSIFIED POSITIONS,393714.0,0.0,2529646.0,2923360.0,0,tap1a_fy2425.htm,133,Department of Natural Resources
47,DEPARTMENT OF NATURAL RESOURCES,FY2024-25,3. FISHERIES-REGIONAL OPERATIONS,NEW POSITIONS -,0.0,0.0,129770.0,129770.0,0,tap1a_fy2425.htm,133,Department of Natural Resources
47,DEPARTMENT OF NATURAL RESOURCES,FY2024-25,3. FISHERIES-REGIONAL OPERATIONS,OTHER PERSONAL SERVICES,0.0,0.0,712406.0,712406.0,0,tap1a_fy2425.htm,133,Department of Natural Resources
47,DEPARTMENT OF NATURAL RESOURCES,FY2024-25,3. FISHERIES-REGIONAL OPERATIONS,OTHER OPERATING EXPENSES,616680.0,0.0,3480298.0,4096978.0,0,tap1a_fy2425.htm,133,Department of Natural Resources
47,DEPARTMENT OF NATURAL RESOURCES,FY2024-25,3. FISHERIES-REGIONAL OPERATIONS,ALLOC OTHER ENTITIES,0.0,0.0,75000.0,75000.0,0,tap1a_fy2425.htm,133,Department of Natural Resources
47,DEPARTMENT OF NATURAL RESOURCES,FY2024-25,3. FISHERIES-REGIONAL OPERATIONS,TOTAL 3.,1010394.0,0.0,6927120.0,7937514.0,1,tap1a_fy2425.htm,133,Department of Natural Resources
47,DEPARTMENT OF NATURAL RESOURCES,FY2024-25,,CLASSIFIED POSITIONS,329158.0,0.0,1256460.0,1585618.0,0,tap1a_fy2425.htm,134,Department of Natural Resources
47,DEPARTMENT OF NATURAL RESOURCES,FY2024-25,,OTHER PERSONAL SERVICES,0.0,0.0,245548.0,245548.0,0,tap1a_fy2425.htm,134,Department of Natural Resources
47,DEPARTMENT OF NATURAL RESOURCES,FY2024-25,,OTHER OPERATING EXPENSES,1323491.0,0.0,2224017.0,3547508.0,0,tap1a_fy2425.htm,134,Department of Natural Resources
47,DEPARTMENT OF NATURAL RESOURCES,FY2024-25,,TOTAL 4.,1652649.0,0.0,3726025.0,5378674.0,1,tap1a_fy2425.htm,134,Department of Natural Resources
47,DEPARTMENT OF NATURAL RESOURCES,FY2024-25,,TOTAL D. WILDLIFE,7313014.0,0.0,31425170.0,38738184.0,1,tap1a_fy2425.htm,134,Department of Natural Resources
47,DEPARTMENT OF NATURAL RESOURCES,FY2024-25,1. CONSERVATION ENFORCEMENT,CLASSIFIED POSITIONS,23451852.0,0.0,1622628.0,25074480.0,0,tap1a_fy2425.htm,134,Department of Natural Resources
47,DEPARTMENT OF NATURAL RESOURCES,FY2024-25,1. CONSERVATION ENFORCEMENT,UNCLASSIFIED POSITIONS,160830.0,0.0,0.0,160830.0,0,tap1a_fy2425.htm,134,Department of Natural Resources
47,DEPARTMENT OF NATURAL RESOURCES,FY2024-25,1. CONSERVATION ENFORCEMENT,OTHER PERSONAL SERVICES,960367.0,0.0,270760.0,1231127.0,0,tap1a_fy2425.htm,134,Department of Natural Resources
47,DEPARTMENT OF NATURAL RESOURCES,FY2024-25,1. CONSERVATION ENFORCEMENT,OTHER OPERATING EXPENSES,8106472.0,0.0,4655270.0,12761742.0,0,tap1a_fy2425.htm,134,Department of Natural Resources
47,DEPARTMENT OF NATURAL RESOURCES,FY2024-25,1. CONSERVATION ENFORCEMENT,TOTAL 1.,32679521.0,0.0,6548658.0,39228179.0,1,tap1a_fy2425.htm,134,Department of Natural Resources
47,DEPARTMENT OF NATURAL RESOURCES,FY2024-25,2. BOATING SAFETY,CLASSIFIED POSITIONS,0.0,0.0,1337754.0,1337754.0,0,tap1a_fy2425.htm,134,Department of Natural Resources
47,DEPARTMENT OF NATURAL RESOURCES,FY2024-25,2. BOATING SAFETY,OTHER OPERATING EXPENSES,0.0,0.0,1998454.0,1998454.0,0,tap1a_fy2425.htm,134,Department of Natural Resources
47,DEPARTMENT OF NATURAL RESOURCES,FY2024-25,2. BOATING SAFETY,TOTAL 2. BOATING SAFETY,0.0,0.0,3336208.0,3336208.0,1,tap1a_fy2425.htm,134,Department of Natural Resources
47,DEPARTMENT OF NATURAL RESOURCES,FY2024-25,3. HUNTER SAFETY,CLASSIFIED POSITIONS,0.0,0.0,1462526.0,1462526.0,0,tap1a_fy2425.htm,134,Department of Natural Resources
47,DEPARTMENT OF NATURAL RESOURCES,FY2024-25,3. HUNTER SAFETY,OTHER PERSONAL SERVICES,0.0,0.0,233625.0,233625.0,0,tap1a_fy2425.htm,134,Department of Natural Resources
47,DEPARTMENT OF NATURAL RESOURCES,FY2024-25,3. HUNTER SAFETY,OTHER OPERATING EXPENSES,0.0,0.0,2503384.0,2503384.0,0,tap1a_fy2425.htm,134,Department of Natural Resources
47,DEPARTMENT OF NATURAL RESOURCES,FY2024-25,3. HUNTER SAFETY,TOTAL 3. HUNTER SAFETY,0.0,0.0,4199535.0,4199535.0,1,tap1a_fy2425.htm,134,Department of Natural Resources
47,DEPARTMENT OF NATURAL RESOURCES,FY2024-25,,TOTAL E. LAW ENFORCEMENT,32679521.0,0.0,14084401.0,46763922.0,1,tap1a_fy2425.htm,135,Department of Natural Resources
47,DEPARTMENT OF NATURAL RESOURCES,FY2024-25,1. MARINE CONSERVATION & MANAGEMENT,CLASSIFIED POSITIONS,1648848.0,0.0,2408883.0,4057731.0,0,tap1a_fy2425.htm,135,Department of Natural Resources
47,DEPARTMENT OF NATURAL RESOURCES,FY2024-25,1. MARINE CONSERVATION & MANAGEMENT,UNCLASSIFIED POSITIONS,111388.0,0.0,132165.0,243553.0,0,tap1a_fy2425.htm,135,Department of Natural Resources
47,DEPARTMENT OF NATURAL RESOURCES,FY2024-25,1. MARINE CONSERVATION & MANAGEMENT,OTHER PERSONAL SERVICES,10000.0,0.0,405811.0,415811.0,0,tap1a_fy2425.htm,135,Department of Natural Resources
47,DEPARTMENT OF NATURAL RESOURCES,FY2024-25,1. MARINE CONSERVATION & MANAGEMENT,OTHER OPERATING EXPENSES,860845.0,0.0,6776689.0,7637534.0,0,tap1a_fy2425.htm,135,Department of Natural Resources
47,DEPARTMENT OF NATURAL RESOURCES,FY2024-25,1. MARINE CONSERVATION & MANAGEMENT,ATLANTIC MARINE FISHERIES COMM,0.0,0.0,46000.0,46000.0,0,tap1a_fy2425.htm,135,Department of Natural Resources
47,DEPARTMENT OF NATURAL RESOURCES,FY2024-25,1. MARINE CONSERVATION & MANAGEMENT,ALLOC OTHER ENTITIES,0.0,0.0,271500.0,271500.0,0,tap1a_fy2425.htm,135,Department of Natural Resources
47,DEPARTMENT OF NATURAL RESOURCES,FY2024-25,1. MARINE CONSERVATION & MANAGEMENT,TOTAL 1. MARINE,2631081.0,0.0,10041048.0,12672129.0,1,tap1a_fy2425.htm,135,Department of Natural Resources
47,DEPARTMENT OF NATURAL RESOURCES,FY2024-25,2. MARINE RESEARCH & MONITORING,CLASSIFIED POSITIONS,328045.0,0.0,1719004.0,2047049.0,0,tap1a_fy2425.htm,135,Department of Natural Resources
47,DEPARTMENT OF NATURAL RESOURCES,FY2024-25,2. MARINE RESEARCH & MONITORING,UNCLASSIFIED POSITIONS,532567.0,0.0,491990.0,1024557.0,0,tap1a_fy2425.htm,135,Department of Natural Resources
47,DEPARTMENT OF NATURAL RESOURCES,FY2024-25,2. MARINE RESEARCH & MONITORING,OTHER PERSONAL SERVICES,10000.0,0.0,725553.0,735553.0,0,tap1a_fy2425.htm,135,Department of Natural Resources
47,DEPARTMENT OF NATURAL RESOURCES,FY2024-25,2. MARINE RESEARCH & MONITORING,OTHER OPERATING EXPENSES,487828.0,0.0,2510791.0,2998619.0,0,tap1a_fy2425.htm,135,Department of Natural Resources
47,DEPARTMENT OF NATURAL RESOURCES,FY2024-25,2. MARINE RESEARCH & MONITORING,ALLOC OTHER ENTITIES,0.0,0.0,913756.0,913756.0,0,tap1a_fy2425.htm,135,Department of Natural Resources
47,DEPARTMENT OF NATURAL RESOURCES,FY2024-25,2. MARINE RESEARCH & MONITORING,TOTAL 2. MARINE,1358440.0,0.0,6361094.0,7719534.0,1,tap1a_fy2425.htm,135,Department of Natural Resources
47,DEPARTMENT OF NATURAL RESOURCES,FY2024-25,2. MARINE RESEARCH & MONITORING,TOTAL F. MARINE RESOURCES,3989521.0,0.0,16402142.0,20391663.0,1,tap1a_fy2425.htm,135,Department of Natural Resources
47,DEPARTMENT OF NATURAL RESOURCES,FY2024-25,1. EARTH SCIENCE,CLASSIFIED POSITIONS,1230478.0,0.0,233173.0,1463651.0,0,tap1a_fy2425.htm,136,Department of Natural Resources
47,DEPARTMENT OF NATURAL RESOURCES,FY2024-25,1. EARTH SCIENCE,UNCLASSIFIED POSITIONS,171175.0,0.0,0.0,171175.0,0,tap1a_fy2425.htm,136,Department of Natural Resources
47,DEPARTMENT OF NATURAL RESOURCES,FY2024-25,1. EARTH SCIENCE,OTHER PERSONAL SERVICES,0.0,0.0,83767.0,83767.0,0,tap1a_fy2425.htm,136,Department of Natural Resources
47,DEPARTMENT OF NATURAL RESOURCES,FY2024-25,1. EARTH SCIENCE,OTHER OPERATING EXPENSES,328609.0,0.0,120000.0,448609.0,0,tap1a_fy2425.htm,136,Department of Natural Resources
47,DEPARTMENT OF NATURAL RESOURCES,FY2024-25,1. EARTH SCIENCE,ALLOC OTHER ENTITIES,0.0,0.0,120000.0,120000.0,0,tap1a_fy2425.htm,136,Department of Natural Resources
47,DEPARTMENT OF NATURAL RESOURCES,FY2024-25,1. EARTH SCIENCE,TOTAL 1. EARTH SCIENCE,1730262.0,0.0,556940.0,2287202.0,1,tap1a_fy2425.htm,136,Department of Natural Resources
47,DEPARTMENT OF NATURAL RESOURCES,FY2024-25,2. CONSERVATION,CLASSIFIED POSITIONS,448840.0,0.0,462499.0,911339.0,0,tap1a_fy2425.htm,136,Department of Natural Resources
47,DEPARTMENT OF NATURAL RESOURCES,FY2024-25,2. CONSERVATION,NEW POSITIONS -,140000.0,0.0,0.0,140000.0,0,tap1a_fy2425.htm,136,Department of Natural Resources
47,DEPARTMENT OF NATURAL RESOURCES,FY2024-25,2. CONSERVATION,OTHER PERSONAL SERVICES,0.0,0.0,18699.0,18699.0,0,tap1a_fy2425.htm,136,Department of Natural Resources
47,DEPARTMENT OF NATURAL RESOURCES,FY2024-25,2. CONSERVATION,OTHER OPERATING EXPENSES,254052.0,0.0,2085100.0,2339152.0,0,tap1a_fy2425.htm,136,Department of Natural Resources
47,DEPARTMENT OF NATURAL RESOURCES,FY2024-25,2. CONSERVATION,ALLOC MUNICIPALITIES,0.0,0.0,250000.0,250000.0,0,tap1a_fy2425.htm,136,Department of Natural Resources
47,DEPARTMENT OF NATURAL RESOURCES,FY2024-25,2. CONSERVATION,ALLOC COUNTIES - RESTRICTED,0.0,0.0,250500.0,250500.0,0,tap1a_fy2425.htm,136,Department of Natural Resources
47,DEPARTMENT OF NATURAL RESOURCES,FY2024-25,2. CONSERVATION,ALLOC OTHER ENTITIES,0.0,0.0,30000.0,30000.0,0,tap1a_fy2425.htm,136,Department of Natural Resources
47,DEPARTMENT OF NATURAL RESOURCES,FY2024-25,2. CONSERVATION,AID TO CONSERVATION DISTRICTS,1150000.0,0.0,0.0,1150000.0,0,tap1a_fy2425.htm,136,Department of Natural Resources
47,DEPARTMENT OF NATURAL RESOURCES,FY2024-25,2. CONSERVATION,TOTAL 2. CONSERVATION,1992892.0,0.0,3096798.0,5089690.0,1,tap1a_fy2425.htm,136,Department of Natural Resources
47,DEPARTMENT OF NATURAL RESOURCES,FY2024-25,3. HERITAGE TRUST,CLASSIFIED POSITIONS,5323.0,0.0,2387706.0,2393029.0,0,tap1a_fy2425.htm,136,Department of Natural Resources
47,DEPARTMENT OF NATURAL RESOURCES,FY2024-25,3. HERITAGE TRUST,OTHER PERSONAL SERVICES,0.0,0.0,434863.0,434863.0,0,tap1a_fy2425.htm,136,Department of Natural Resources
47,DEPARTMENT OF NATURAL RESOURCES,FY2024-25,3. HERITAGE TRUST,OTHER OPERATING EXPENSES,188709.0,0.0,2143957.0,2332666.0,0,tap1a_fy2425.htm,136,Department of Natural Resources
47,DEPARTMENT OF NATURAL RESOURCES,FY2024-25,3. HERITAGE TRUST,TOTAL 3. HERITAGE TRUST,194032.0,0.0,4966526.0,5160558.0,1,tap1a_fy2425.htm,136,Department of Natural Resources
47,DEPARTMENT OF NATURAL RESOURCES,FY2024-25,4. ENVIRONMENTAL REVIEW,CLASSIFIED POSITIONS,0.0,0.0,365246.0,365246.0,0,tap1a_fy2425.htm,137,Department of Natural Resources
47,DEPARTMENT OF NATURAL RESOURCES,FY2024-25,4. ENVIRONMENTAL REVIEW,OTHER OPERATING EXPENSES,35840.0,0.0,95500.0,131340.0,0,tap1a_fy2425.htm,137,Department of Natural Resources
47,DEPARTMENT OF NATURAL RESOURCES,FY2024-25,4. ENVIRONMENTAL REVIEW,TOTAL 4. ENVIRONMENTAL REVIEW,35840.0,0.0,460746.0,496586.0,1,tap1a_fy2425.htm,137,Department of Natural Resources
47,DEPARTMENT OF NATURAL RESOURCES,FY2024-25,4. ENVIRONMENTAL REVIEW,"TOTAL G. LAND,",3953026.0,0.0,9081010.0,13034036.0,1,tap1a_fy2425.htm,137,Department of Natural Resources
47,DEPARTMENT OF NATURAL RESOURCES,FY2024-25,4. ENVIRONMENTAL REVIEW,TOTAL II. PROGRAMS,53256409.0,0.0,83919270.0,137175679.0,1,tap1a_fy2425.htm,137,Department of Natural Resources
47,DEPARTMENT OF NATURAL RESOURCES,FY2024-25,III. EMPLOYEE BENEFITS,EMPLOYER CONTRIBUTIONS,15765880.0,0.0,12450467.0,28216347.0,0,tap1a_fy2425.htm,137,Department of Natural Resources
47,DEPARTMENT OF NATURAL RESOURCES,FY2024-25,III. EMPLOYEE BENEFITS,TOTAL III. EMPLOYEE BENEFITS,15765880.0,0.0,12450467.0,28216347.0,1,tap1a_fy2425.htm,137,Department of Natural Resources
47,DEPARTMENT OF NATURAL RESOURCES,FY2024-25,III. EMPLOYEE BENEFITS,TOTAL DEPARTMENT OF,73727264.0,0.0,98962890.0,172690154.0,1,tap1a_fy2425.htm,137,Department of Natural Resources
49,"DEPARTMENT OF PARKS, RECREATION & TOURISM",FY2025-26,A. EXECUTIVE OFFICES,DIRECTOR,206552.0,0.0,0.0,206552.0,0,tap1a.htm,142,"Department of Parks, Recreation & Tourism"
49,"DEPARTMENT OF PARKS, RECREATION & TOURISM",FY2025-26,A. EXECUTIVE OFFICES,CLASSIFIED POSITIONS,684395.0,0.0,0.0,684395.0,0,tap1a.htm,142,"Department of Parks, Recreation & Tourism"
49,"DEPARTMENT OF PARKS, RECREATION & TOURISM",FY2025-26,A. EXECUTIVE OFFICES,UNCLASSIFIED POSITIONS,149196.0,0.0,0.0,149196.0,0,tap1a.htm,142,"Department of Parks, Recreation & Tourism"
49,"DEPARTMENT OF PARKS, RECREATION & TOURISM",FY2025-26,A. EXECUTIVE OFFICES,OTHER PERSONAL SERVICES,200000.0,0.0,0.0,200000.0,0,tap1a.htm,142,"Department of Parks, Recreation & Tourism"
49,"DEPARTMENT OF PARKS, RECREATION & TOURISM",FY2025-26,A. EXECUTIVE OFFICES,OTHER OPERATING EXPENSES,108414.0,0.0,0.0,108414.0,0,tap1a.htm,142,"Department of Parks, Recreation & Tourism"
49,"DEPARTMENT OF PARKS, RECREATION & TOURISM",FY2025-26,A. EXECUTIVE OFFICES,TOTAL A. EXECUTIVE OFFICES,1348557.0,0.0,0.0,1348557.0,1,tap1a.htm,142,"Department of Parks, Recreation & Tourism"
49,"DEPARTMENT OF PARKS, RECREATION & TOURISM",FY2025-26,B. ADMINISTRATIVE SERVICES,CLASSIFIED POSITIONS,3437741.0,0.0,25000.0,3462741.0,0,tap1a.htm,142,"Department of Parks, Recreation & Tourism"
49,"DEPARTMENT OF PARKS, RECREATION & TOURISM",FY2025-26,B. ADMINISTRATIVE SERVICES,OTHER PERSONAL SERVICES,368343.0,0.0,0.0,368343.0,0,tap1a.htm,142,"Department of Parks, Recreation & Tourism"
49,"DEPARTMENT OF PARKS, RECREATION & TOURISM",FY2025-26,B. ADMINISTRATIVE SERVICES,OTHER OPERATING EXPENSES,2059151.0,0.0,10000.0,2069151.0,0,tap1a.htm,142,"Department of Parks, Recreation & Tourism"
49,"DEPARTMENT OF PARKS, RECREATION & TOURISM",FY2025-26,B. ADMINISTRATIVE SERVICES,FIRST IN GOLF,0.0,0.0,75000.0,75000.0,0,tap1a.htm,142,"Department of Parks, Recreation & Tourism"
49,"DEPARTMENT OF PARKS, RECREATION & TOURISM",FY2025-26,B. ADMINISTRATIVE SERVICES,PALMETTO TRAIL,1000000.0,0.0,0.0,1000000.0,0,tap1a.htm,142,"Department of Parks, Recreation & Tourism"
49,"DEPARTMENT OF PARKS, RECREATION & TOURISM",FY2025-26,B. ADMINISTRATIVE SERVICES,PARD GRANTS,0.0,0.0,1792000.0,1792000.0,0,tap1a.htm,142,"Department of Parks, Recreation & Tourism"
49,"DEPARTMENT OF PARKS, RECREATION & TOURISM",FY2025-26,B. ADMINISTRATIVE SERVICES,SPORTS DEVELOPMENT FUND,0.0,0.0,50000.0,50000.0,0,tap1a.htm,142,"Department of Parks, Recreation & Tourism"
49,"DEPARTMENT OF PARKS, RECREATION & TOURISM",FY2025-26,B. ADMINISTRATIVE SERVICES,TOTAL B.,6865235.0,0.0,1952000.0,8817235.0,1,tap1a.htm,142,"Department of Parks, Recreation & Tourism"
49,"DEPARTMENT OF PARKS, RECREATION & TOURISM",FY2025-26,B. ADMINISTRATIVE SERVICES,TOTAL I. ADMINISTRATION,8213792.0,0.0,1952000.0,10165792.0,1,tap1a.htm,142,"Department of Parks, Recreation & Tourism"
49,"DEPARTMENT OF PARKS, RECREATION & TOURISM",FY2025-26,A. TOURISM SALES & MARKETING,CLASSIFIED POSITIONS,818282.0,0.0,0.0,818282.0,0,tap1a.htm,142,"Department of Parks, Recreation & Tourism"
49,"DEPARTMENT OF PARKS, RECREATION & TOURISM",FY2025-26,A. TOURISM SALES & MARKETING,OTHER PERSONAL SERVICES,5000.0,0.0,0.0,5000.0,0,tap1a.htm,142,"Department of Parks, Recreation & Tourism"
49,"DEPARTMENT OF PARKS, RECREATION & TOURISM",FY2025-26,A. TOURISM SALES & MARKETING,OTHER OPERATING EXPENSES,88800.0,0.0,0.0,88800.0,0,tap1a.htm,142,"Department of Parks, Recreation & Tourism"
49,"DEPARTMENT OF PARKS, RECREATION & TOURISM",FY2025-26,,ADVERTISING,15714793.0,0.0,1800000.0,17514793.0,0,tap1a.htm,143,"Department of Parks, Recreation & Tourism"
49,"DEPARTMENT OF PARKS, RECREATION & TOURISM",FY2025-26,,DESTINATION-SPECIFIC,18000000.0,0.0,0.0,18000000.0,0,tap1a.htm,143,"Department of Parks, Recreation & Tourism"
49,"DEPARTMENT OF PARKS, RECREATION & TOURISM",FY2025-26,,REGIONAL PROMOTIONS,4625000.0,0.0,0.0,4625000.0,0,tap1a.htm,143,"Department of Parks, Recreation & Tourism"
49,"DEPARTMENT OF PARKS, RECREATION & TOURISM",FY2025-26,,SPORTS MARKETING GRANT PROGRAM,2000000.0,0.0,0.0,2000000.0,0,tap1a.htm,143,"Department of Parks, Recreation & Tourism"
49,"DEPARTMENT OF PARKS, RECREATION & TOURISM",FY2025-26,,TOTAL A. TOURISM,41251875.0,0.0,1800000.0,43051875.0,1,tap1a.htm,143,"Department of Parks, Recreation & Tourism"
49,"DEPARTMENT OF PARKS, RECREATION & TOURISM",FY2025-26,B. WELCOME CENTERS,CLASSIFIED POSITIONS,2094213.0,0.0,612222.0,2706435.0,0,tap1a.htm,143,"Department of Parks, Recreation & Tourism"
49,"DEPARTMENT OF PARKS, RECREATION & TOURISM",FY2025-26,B. WELCOME CENTERS,OTHER PERSONAL SERVICES,195000.0,0.0,72771.0,267771.0,0,tap1a.htm,143,"Department of Parks, Recreation & Tourism"
49,"DEPARTMENT OF PARKS, RECREATION & TOURISM",FY2025-26,B. WELCOME CENTERS,OTHER OPERATING EXPENSES,283048.0,0.0,4721247.0,5004295.0,0,tap1a.htm,143,"Department of Parks, Recreation & Tourism"
49,"DEPARTMENT OF PARKS, RECREATION & TOURISM",FY2025-26,B. WELCOME CENTERS,TOTAL B. WELCOME CENTERS,2572261.0,0.0,5406240.0,7978501.0,1,tap1a.htm,143,"Department of Parks, Recreation & Tourism"
49,"DEPARTMENT OF PARKS, RECREATION & TOURISM",FY2025-26,C. STATE PARKS SERVICE,CLASSIFIED POSITIONS,5877900.0,0.0,11093040.0,16970940.0,0,tap1a.htm,143,"Department of Parks, Recreation & Tourism"
49,"DEPARTMENT OF PARKS, RECREATION & TOURISM",FY2025-26,C. STATE PARKS SERVICE,NEW POSITIONS -,0.0,0.0,35297.0,35297.0,0,tap1a.htm,143,"Department of Parks, Recreation & Tourism"
49,"DEPARTMENT OF PARKS, RECREATION & TOURISM",FY2025-26,C. STATE PARKS SERVICE,NEW POSITIONS -,0.0,0.0,30762.0,30762.0,0,tap1a.htm,143,"Department of Parks, Recreation & Tourism"
49,"DEPARTMENT OF PARKS, RECREATION & TOURISM",FY2025-26,C. STATE PARKS SERVICE,NEW POSITIONS -,0.0,0.0,37645.0,37645.0,0,tap1a.htm,143,"Department of Parks, Recreation & Tourism"
49,"DEPARTMENT OF PARKS, RECREATION & TOURISM",FY2025-26,C. STATE PARKS SERVICE,NEW POSITIONS - PARK MANAGER I,0.0,0.0,50450.0,50450.0,0,tap1a.htm,143,"Department of Parks, Recreation & Tourism"
49,"DEPARTMENT OF PARKS, RECREATION & TOURISM",FY2025-26,C. STATE PARKS SERVICE,NEW POSITIONS -,0.0,0.0,56000.0,56000.0,0,tap1a.htm,143,"Department of Parks, Recreation & Tourism"
49,"DEPARTMENT OF PARKS, RECREATION & TOURISM",FY2025-26,C. STATE PARKS SERVICE,NEW POSITIONS - SR PARK RANGER,0.0,0.0,43589.0,43589.0,0,tap1a.htm,143,"Department of Parks, Recreation & Tourism"
49,"DEPARTMENT OF PARKS, RECREATION & TOURISM",FY2025-26,C. STATE PARKS SERVICE,OTHER PERSONAL SERVICES,0.0,0.0,5500000.0,5500000.0,0,tap1a.htm,143,"Department of Parks, Recreation & Tourism"
49,"DEPARTMENT OF PARKS, RECREATION & TOURISM",FY2025-26,C. STATE PARKS SERVICE,OTHER OPERATING EXPENSES,2300000.0,0.0,25350955.0,27650955.0,0,tap1a.htm,143,"Department of Parks, Recreation & Tourism"
49,"DEPARTMENT OF PARKS, RECREATION & TOURISM",FY2025-26,C. STATE PARKS SERVICE,TOTAL C. STATE PARKS SERVICE,8177900.0,0.0,42197738.0,50375638.0,1,tap1a.htm,143,"Department of Parks, Recreation & Tourism"
49,"DEPARTMENT OF PARKS, RECREATION & TOURISM",FY2025-26,D. COMMUNICATIONS,CLASSIFIED POSITIONS,121083.0,0.0,0.0,121083.0,0,tap1a.htm,144,"Department of Parks, Recreation & Tourism"
49,"DEPARTMENT OF PARKS, RECREATION & TOURISM",FY2025-26,D. COMMUNICATIONS,OTHER OPERATING EXPENSES,18000.0,0.0,0.0,18000.0,0,tap1a.htm,144,"Department of Parks, Recreation & Tourism"
49,"DEPARTMENT OF PARKS, RECREATION & TOURISM",FY2025-26,D. COMMUNICATIONS,TOTAL D. COMMUNICATIONS,139083.0,0.0,0.0,139083.0,1,tap1a.htm,144,"Department of Parks, Recreation & Tourism"
49,"DEPARTMENT OF PARKS, RECREATION & TOURISM",FY2025-26,E. RESEARCH,CLASSIFIED POSITIONS,186994.0,0.0,0.0,186994.0,0,tap1a.htm,144,"Department of Parks, Recreation & Tourism"
49,"DEPARTMENT OF PARKS, RECREATION & TOURISM",FY2025-26,E. RESEARCH,OTHER PERSONAL SERVICES,20000.0,0.0,0.0,20000.0,0,tap1a.htm,144,"Department of Parks, Recreation & Tourism"
49,"DEPARTMENT OF PARKS, RECREATION & TOURISM",FY2025-26,E. RESEARCH,OTHER OPERATING EXPENSES,20000.0,0.0,0.0,20000.0,0,tap1a.htm,144,"Department of Parks, Recreation & Tourism"
49,"DEPARTMENT OF PARKS, RECREATION & TOURISM",FY2025-26,E. RESEARCH,TOTAL E. RESEARCH,226994.0,0.0,0.0,226994.0,1,tap1a.htm,144,"Department of Parks, Recreation & Tourism"
49,"DEPARTMENT OF PARKS, RECREATION & TOURISM",FY2025-26,F. STATE FILM OFFICE,CLASSIFIED POSITIONS,0.0,0.0,177872.0,177872.0,0,tap1a.htm,144,"Department of Parks, Recreation & Tourism"
49,"DEPARTMENT OF PARKS, RECREATION & TOURISM",FY2025-26,F. STATE FILM OFFICE,OTHER OPERATING EXPENSES,0.0,0.0,360000.0,360000.0,0,tap1a.htm,144,"Department of Parks, Recreation & Tourism"
49,"DEPARTMENT OF PARKS, RECREATION & TOURISM",FY2025-26,F. STATE FILM OFFICE,ALLOC PRIVATE SECTOR,0.0,0.0,24393767.0,24393767.0,0,tap1a.htm,144,"Department of Parks, Recreation & Tourism"
49,"DEPARTMENT OF PARKS, RECREATION & TOURISM",FY2025-26,F. STATE FILM OFFICE,TOTAL F. STATE FILM OFFICE,0.0,0.0,24931639.0,24931639.0,1,tap1a.htm,144,"Department of Parks, Recreation & Tourism"
49,"DEPARTMENT OF PARKS, RECREATION & TOURISM",FY2025-26,"G. RECREATION, GRANTS & POLICY",CLASSIFIED POSITIONS,265349.0,0.0,54000.0,319349.0,0,tap1a.htm,144,"Department of Parks, Recreation & Tourism"
49,"DEPARTMENT OF PARKS, RECREATION & TOURISM",FY2025-26,"G. RECREATION, GRANTS & POLICY",OTHER OPERATING EXPENSES,25000.0,0.0,96980.0,121980.0,0,tap1a.htm,144,"Department of Parks, Recreation & Tourism"
49,"DEPARTMENT OF PARKS, RECREATION & TOURISM",FY2025-26,"G. RECREATION, GRANTS & POLICY",PARD GRANTS,500000.0,0.0,1500000.0,2000000.0,0,tap1a.htm,144,"Department of Parks, Recreation & Tourism"
49,"DEPARTMENT OF PARKS, RECREATION & TOURISM",FY2025-26,"G. RECREATION, GRANTS & POLICY",SPORTS MARKETING GRANT PROGRAM,500000.0,0.0,0.0,500000.0,0,tap1a.htm,144,"Department of Parks, Recreation & Tourism"
49,"DEPARTMENT OF PARKS, RECREATION & TOURISM",FY2025-26,"G. RECREATION, GRANTS & POLICY",UNDISCOVERED SOUTH,750000.0,0.0,0.0,750000.0,0,tap1a.htm,144,"Department of Parks, Recreation & Tourism"
49,"DEPARTMENT OF PARKS, RECREATION & TOURISM",FY2025-26,,ALLOC MUNICIPALITIES,0.0,0.0,1397500.0,1397500.0,0,tap1a.htm,145,"Department of Parks, Recreation & Tourism"
49,"DEPARTMENT OF PARKS, RECREATION & TOURISM",FY2025-26,,ALLOC COUNTIES - RESTRICTED,0.0,0.0,1467000.0,1467000.0,0,tap1a.htm,145,"Department of Parks, Recreation & Tourism"
49,"DEPARTMENT OF PARKS, RECREATION & TOURISM",FY2025-26,,ALLOC OTHER STATE AGENCIES,0.0,0.0,478600.0,478600.0,0,tap1a.htm,145,"Department of Parks, Recreation & Tourism"
49,"DEPARTMENT OF PARKS, RECREATION & TOURISM",FY2025-26,,ALLOC OTHER ENTITIES,0.0,0.0,878530.0,878530.0,0,tap1a.htm,145,"Department of Parks, Recreation & Tourism"
49,"DEPARTMENT OF PARKS, RECREATION & TOURISM",FY2025-26,,"TOTAL G. RECREATION,",2040349.0,0.0,5872610.0,7912959.0,1,tap1a.htm,145,"Department of Parks, Recreation & Tourism"
49,"DEPARTMENT OF PARKS, RECREATION & TOURISM",FY2025-26,H. VENUES AT ARSENAL HILL,CLASSIFIED POSITIONS,122000.0,0.0,35000.0,157000.0,0,tap1a.htm,145,"Department of Parks, Recreation & Tourism"
49,"DEPARTMENT OF PARKS, RECREATION & TOURISM",FY2025-26,H. VENUES AT ARSENAL HILL,OTHER OPERATING EXPENSES,60000.0,0.0,287000.0,347000.0,0,tap1a.htm,145,"Department of Parks, Recreation & Tourism"
49,"DEPARTMENT OF PARKS, RECREATION & TOURISM",FY2025-26,H. VENUES AT ARSENAL HILL,TOTAL H. VENUES,182000.0,0.0,322000.0,504000.0,1,tap1a.htm,145,"Department of Parks, Recreation & Tourism"
49,"DEPARTMENT OF PARKS, RECREATION & TOURISM",FY2025-26,H. VENUES AT ARSENAL HILL,TOTAL II. PROGRAMS,54590462.0,0.0,80530227.0,135120689.0,1,tap1a.htm,145,"Department of Parks, Recreation & Tourism"
49,"DEPARTMENT OF PARKS, RECREATION & TOURISM",FY2025-26,III. EMPLOYEE BENEFITS,EMPLOYER CONTRIBUTIONS,5204527.0,0.0,6882368.0,12086895.0,0,tap1a.htm,145,"Department of Parks, Recreation & Tourism"
49,"DEPARTMENT OF PARKS, RECREATION & TOURISM",FY2025-26,III. EMPLOYEE BENEFITS,TOTAL III. EMPLOYEE BENEFITS,5204527.0,0.0,6882368.0,12086895.0,1,tap1a.htm,145,"Department of Parks, Recreation & Tourism"
49,"DEPARTMENT OF PARKS, RECREATION & TOURISM",FY2025-26,III. EMPLOYEE BENEFITS,"TOTAL DEPARTMENT OF PARKS,",68008781.0,0.0,89364595.0,157373376.0,1,tap1a.htm,145,"Department of Parks, Recreation & Tourism"
49,"DEPARTMENT OF PARKS, RECREATION & TOURISM",FY2024-25,A. EXECUTIVE OFFICES,DIRECTOR,206552.0,0.0,0.0,206552.0,0,tap1a_fy2425.htm,139,"Department of Parks, Recreation & Tourism"
49,"DEPARTMENT OF PARKS, RECREATION & TOURISM",FY2024-25,A. EXECUTIVE OFFICES,CLASSIFIED POSITIONS,534395.0,0.0,0.0,534395.0,0,tap1a_fy2425.htm,139,"Department of Parks, Recreation & Tourism"
49,"DEPARTMENT OF PARKS, RECREATION & TOURISM",FY2024-25,A. EXECUTIVE OFFICES,UNCLASSIFIED POSITIONS,149196.0,0.0,0.0,149196.0,0,tap1a_fy2425.htm,139,"Department of Parks, Recreation & Tourism"
49,"DEPARTMENT OF PARKS, RECREATION & TOURISM",FY2024-25,A. EXECUTIVE OFFICES,OTHER PERSONAL SERVICES,200000.0,0.0,0.0,200000.0,0,tap1a_fy2425.htm,139,"Department of Parks, Recreation & Tourism"
49,"DEPARTMENT OF PARKS, RECREATION & TOURISM",FY2024-25,A. EXECUTIVE OFFICES,OTHER OPERATING EXPENSES,108414.0,0.0,0.0,108414.0,0,tap1a_fy2425.htm,139,"Department of Parks, Recreation & Tourism"
49,"DEPARTMENT OF PARKS, RECREATION & TOURISM",FY2024-25,A. EXECUTIVE OFFICES,TOTAL A. EXECUTIVE OFFICES,1198557.0,0.0,0.0,1198557.0,1,tap1a_fy2425.htm,139,"Department of Parks, Recreation & Tourism"
49,"DEPARTMENT OF PARKS, RECREATION & TOURISM",FY2024-25,B. ADMINISTRATIVE SERVICES,CLASSIFIED POSITIONS,2680619.0,0.0,25000.0,2705619.0,0,tap1a_fy2425.htm,139,"Department of Parks, Recreation & Tourism"
49,"DEPARTMENT OF PARKS, RECREATION & TOURISM",FY2024-25,B. ADMINISTRATIVE SERVICES,NEW POSITIONS -,85000.0,0.0,0.0,85000.0,0,tap1a_fy2425.htm,139,"Department of Parks, Recreation & Tourism"
49,"DEPARTMENT OF PARKS, RECREATION & TOURISM",FY2024-25,B. ADMINISTRATIVE SERVICES,OTHER PERSONAL SERVICES,368343.0,0.0,0.0,368343.0,0,tap1a_fy2425.htm,139,"Department of Parks, Recreation & Tourism"
49,"DEPARTMENT OF PARKS, RECREATION & TOURISM",FY2024-25,B. ADMINISTRATIVE SERVICES,OTHER OPERATING EXPENSES,2059151.0,0.0,10000.0,2069151.0,0,tap1a_fy2425.htm,139,"Department of Parks, Recreation & Tourism"
49,"DEPARTMENT OF PARKS, RECREATION & TOURISM",FY2024-25,B. ADMINISTRATIVE SERVICES,FIRST IN GOLF,0.0,0.0,75000.0,75000.0,0,tap1a_fy2425.htm,139,"Department of Parks, Recreation & Tourism"
49,"DEPARTMENT OF PARKS, RECREATION & TOURISM",FY2024-25,B. ADMINISTRATIVE SERVICES,PALMETTO TRAIL,1000000.0,0.0,0.0,1000000.0,0,tap1a_fy2425.htm,139,"Department of Parks, Recreation & Tourism"
49,"DEPARTMENT OF PARKS, RECREATION & TOURISM",FY2024-25,B. ADMINISTRATIVE SERVICES,PARD GRANTS,0.0,0.0,1792000.0,1792000.0,0,tap1a_fy2425.htm,139,"Department of Parks, Recreation & Tourism"
49,"DEPARTMENT OF PARKS, RECREATION & TOURISM",FY2024-25,B. ADMINISTRATIVE SERVICES,SPORTS DEVELOPMENT FUND,0.0,0.0,50000.0,50000.0,0,tap1a_fy2425.htm,139,"Department of Parks, Recreation & Tourism"
49,"DEPARTMENT OF PARKS, RECREATION & TOURISM",FY2024-25,B. ADMINISTRATIVE SERVICES,TOTAL B.,6193113.0,0.0,1952000.0,8145113.0,1,tap1a_fy2425.htm,139,"Department of Parks, Recreation & Tourism"
49,"DEPARTMENT OF PARKS, RECREATION & TOURISM",FY2024-25,B. ADMINISTRATIVE SERVICES,TOTAL I. ADMINISTRATION,7391670.0,0.0,1952000.0,9343670.0,1,tap1a_fy2425.htm,139,"Department of Parks, Recreation & Tourism"
49,"DEPARTMENT OF PARKS, RECREATION & TOURISM",FY2024-25,A. TOURISM SALES & MARKETING,CLASSIFIED POSITIONS,718282.0,0.0,0.0,718282.0,0,tap1a_fy2425.htm,139,"Department of Parks, Recreation & Tourism"
49,"DEPARTMENT OF PARKS, RECREATION & TOURISM",FY2024-25,,OTHER PERSONAL SERVICES,5000.0,0.0,0.0,5000.0,0,tap1a_fy2425.htm,140,"Department of Parks, Recreation & Tourism"
49,"DEPARTMENT OF PARKS, RECREATION & TOURISM",FY2024-25,,OTHER OPERATING EXPENSES,88800.0,0.0,0.0,88800.0,0,tap1a_fy2425.htm,140,"Department of Parks, Recreation & Tourism"
49,"DEPARTMENT OF PARKS, RECREATION & TOURISM",FY2024-25,,ADVERTISING,14214793.0,0.0,1800000.0,16014793.0,0,tap1a_fy2425.htm,140,"Department of Parks, Recreation & Tourism"
49,"DEPARTMENT OF PARKS, RECREATION & TOURISM",FY2024-25,,DESTINATION-SPECIFIC,16000000.0,0.0,0.0,16000000.0,0,tap1a_fy2425.htm,140,"Department of Parks, Recreation & Tourism"
49,"DEPARTMENT OF PARKS, RECREATION & TOURISM",FY2024-25,,REGIONAL PROMOTIONS,4625000.0,0.0,0.0,4625000.0,0,tap1a_fy2425.htm,140,"Department of Parks, Recreation & Tourism"
49,"DEPARTMENT OF PARKS, RECREATION & TOURISM",FY2024-25,,SPORTS MARKETING GRANT PROGRAM,2000000.0,0.0,0.0,2000000.0,0,tap1a_fy2425.htm,140,"Department of Parks, Recreation & Tourism"
49,"DEPARTMENT OF PARKS, RECREATION & TOURISM",FY2024-25,,TOTAL A. TOURISM,37651875.0,0.0,1800000.0,39451875.0,1,tap1a_fy2425.htm,140,"Department of Parks, Recreation & Tourism"
49,"DEPARTMENT OF PARKS, RECREATION & TOURISM",FY2024-25,B. WELCOME CENTERS,CLASSIFIED POSITIONS,1351116.0,0.0,612222.0,1963338.0,0,tap1a_fy2425.htm,140,"Department of Parks, Recreation & Tourism"
49,"DEPARTMENT OF PARKS, RECREATION & TOURISM",FY2024-25,B. WELCOME CENTERS,OTHER PERSONAL SERVICES,195000.0,0.0,72771.0,267771.0,0,tap1a_fy2425.htm,140,"Department of Parks, Recreation & Tourism"
49,"DEPARTMENT OF PARKS, RECREATION & TOURISM",FY2024-25,B. WELCOME CENTERS,OTHER OPERATING EXPENSES,111200.0,0.0,4721247.0,4832447.0,0,tap1a_fy2425.htm,140,"Department of Parks, Recreation & Tourism"
49,"DEPARTMENT OF PARKS, RECREATION & TOURISM",FY2024-25,B. WELCOME CENTERS,TOTAL B. WELCOME CENTERS,1657316.0,0.0,5406240.0,7063556.0,1,tap1a_fy2425.htm,140,"Department of Parks, Recreation & Tourism"
49,"DEPARTMENT OF PARKS, RECREATION & TOURISM",FY2024-25,C. STATE PARKS SERVICE,CLASSIFIED POSITIONS,4049941.0,0.0,10684290.0,14734231.0,0,tap1a_fy2425.htm,140,"Department of Parks, Recreation & Tourism"
49,"DEPARTMENT OF PARKS, RECREATION & TOURISM",FY2024-25,C. STATE PARKS SERVICE,OTHER PERSONAL SERVICES,0.0,0.0,5500000.0,5500000.0,0,tap1a_fy2425.htm,140,"Department of Parks, Recreation & Tourism"
49,"DEPARTMENT OF PARKS, RECREATION & TOURISM",FY2024-25,C. STATE PARKS SERVICE,OTHER OPERATING EXPENSES,1700000.0,0.0,25350955.0,27050955.0,0,tap1a_fy2425.htm,140,"Department of Parks, Recreation & Tourism"
49,"DEPARTMENT OF PARKS, RECREATION & TOURISM",FY2024-25,C. STATE PARKS SERVICE,TOTAL C. STATE PARKS SERVICE,5749941.0,0.0,41535245.0,47285186.0,1,tap1a_fy2425.htm,140,"Department of Parks, Recreation & Tourism"
49,"DEPARTMENT OF PARKS, RECREATION & TOURISM",FY2024-25,D. COMMUNICATIONS,CLASSIFIED POSITIONS,96083.0,0.0,0.0,96083.0,0,tap1a_fy2425.htm,140,"Department of Parks, Recreation & Tourism"
49,"DEPARTMENT OF PARKS, RECREATION & TOURISM",FY2024-25,D. COMMUNICATIONS,OTHER OPERATING EXPENSES,18000.0,0.0,0.0,18000.0,0,tap1a_fy2425.htm,140,"Department of Parks, Recreation & Tourism"
49,"DEPARTMENT OF PARKS, RECREATION & TOURISM",FY2024-25,D. COMMUNICATIONS,TOTAL D. COMMUNICATIONS,114083.0,0.0,0.0,114083.0,1,tap1a_fy2425.htm,140,"Department of Parks, Recreation & Tourism"
49,"DEPARTMENT OF PARKS, RECREATION & TOURISM",FY2024-25,,CLASSIFIED POSITIONS,161994.0,0.0,0.0,161994.0,0,tap1a_fy2425.htm,141,"Department of Parks, Recreation & Tourism"
49,"DEPARTMENT OF PARKS, RECREATION & TOURISM",FY2024-25,,OTHER PERSONAL SERVICES,20000.0,0.0,0.0,20000.0,0,tap1a_fy2425.htm,141,"Department of Parks, Recreation & Tourism"
49,"DEPARTMENT OF PARKS, RECREATION & TOURISM",FY2024-25,,OTHER OPERATING EXPENSES,20000.0,0.0,0.0,20000.0,0,tap1a_fy2425.htm,141,"Department of Parks, Recreation & Tourism"
49,"DEPARTMENT OF PARKS, RECREATION & TOURISM",FY2024-25,,TOTAL E. RESEARCH,201994.0,0.0,0.0,201994.0,1,tap1a_fy2425.htm,141,"Department of Parks, Recreation & Tourism"
49,"DEPARTMENT OF PARKS, RECREATION & TOURISM",FY2024-25,F. STATE FILM OFFICE,CLASSIFIED POSITIONS,0.0,0.0,177872.0,177872.0,0,tap1a_fy2425.htm,141,"Department of Parks, Recreation & Tourism"
49,"DEPARTMENT OF PARKS, RECREATION & TOURISM",FY2024-25,F. STATE FILM OFFICE,OTHER OPERATING EXPENSES,0.0,0.0,360000.0,360000.0,0,tap1a_fy2425.htm,141,"Department of Parks, Recreation & Tourism"
49,"DEPARTMENT OF PARKS, RECREATION & TOURISM",FY2024-25,F. STATE FILM OFFICE,ALLOC PRIVATE SECTOR,0.0,0.0,24393767.0,24393767.0,0,tap1a_fy2425.htm,141,"Department of Parks, Recreation & Tourism"
49,"DEPARTMENT OF PARKS, RECREATION & TOURISM",FY2024-25,F. STATE FILM OFFICE,TOTAL F. STATE FILM OFFICE,0.0,0.0,24931639.0,24931639.0,1,tap1a_fy2425.htm,141,"Department of Parks, Recreation & Tourism"
49,"DEPARTMENT OF PARKS, RECREATION & TOURISM",FY2024-25,"G. RECREATION, GRANTS & POLICY",CLASSIFIED POSITIONS,225349.0,0.0,54000.0,279349.0,0,tap1a_fy2425.htm,141,"Department of Parks, Recreation & Tourism"
49,"DEPARTMENT OF PARKS, RECREATION & TOURISM",FY2024-25,"G. RECREATION, GRANTS & POLICY",OTHER OPERATING EXPENSES,25000.0,0.0,96980.0,121980.0,0,tap1a_fy2425.htm,141,"Department of Parks, Recreation & Tourism"
49,"DEPARTMENT OF PARKS, RECREATION & TOURISM",FY2024-25,"G. RECREATION, GRANTS & POLICY",PARD GRANTS,500000.0,0.0,1500000.0,2000000.0,0,tap1a_fy2425.htm,141,"Department of Parks, Recreation & Tourism"
49,"DEPARTMENT OF PARKS, RECREATION & TOURISM",FY2024-25,"G. RECREATION, GRANTS & POLICY",SPORTS MARKETING GRANT PROGRAM,500000.0,0.0,0.0,500000.0,0,tap1a_fy2425.htm,141,"Department of Parks, Recreation & Tourism"
49,"DEPARTMENT OF PARKS, RECREATION & TOURISM",FY2024-25,"G. RECREATION, GRANTS & POLICY",UNDISCOVERED SOUTH,500000.0,0.0,0.0,500000.0,0,tap1a_fy2425.htm,141,"Department of Parks, Recreation & Tourism"
49,"DEPARTMENT OF PARKS, RECREATION & TOURISM",FY2024-25,"G. RECREATION, GRANTS & POLICY",ALLOC MUNICIPALITIES,0.0,0.0,1504000.0,1504000.0,0,tap1a_fy2425.htm,141,"Department of Parks, Recreation & Tourism"
49,"DEPARTMENT OF PARKS, RECREATION & TOURISM",FY2024-25,"G. RECREATION, GRANTS & POLICY",ALLOC COUNTIES - RESTRICTED,0.0,0.0,1467000.0,1467000.0,0,tap1a_fy2425.htm,141,"Department of Parks, Recreation & Tourism"
49,"DEPARTMENT OF PARKS, RECREATION & TOURISM",FY2024-25,"G. RECREATION, GRANTS & POLICY",ALLOC OTHER STATE AGENCIES,0.0,0.0,478600.0,478600.0,0,tap1a_fy2425.htm,141,"Department of Parks, Recreation & Tourism"
49,"DEPARTMENT OF PARKS, RECREATION & TOURISM",FY2024-25,"G. RECREATION, GRANTS & POLICY",ALLOC OTHER ENTITIES,0.0,0.0,878530.0,878530.0,0,tap1a_fy2425.htm,141,"Department of Parks, Recreation & Tourism"
49,"DEPARTMENT OF PARKS, RECREATION & TOURISM",FY2024-25,"G. RECREATION, GRANTS & POLICY","TOTAL G. RECREATION,",1750349.0,0.0,5979110.0,7729459.0,1,tap1a_fy2425.htm,141,"Department of Parks, Recreation & Tourism"
49,"DEPARTMENT OF PARKS, RECREATION & TOURISM",FY2024-25,H. VENUES AT ARSENAL HILL,CLASSIFIED POSITIONS,100000.0,0.0,35000.0,135000.0,0,tap1a_fy2425.htm,141,"Department of Parks, Recreation & Tourism"
49,"DEPARTMENT OF PARKS, RECREATION & TOURISM",FY2024-25,,OTHER OPERATING EXPENSES,60000.0,0.0,287000.0,347000.0,0,tap1a_fy2425.htm,142,"Department of Parks, Recreation & Tourism"
49,"DEPARTMENT OF PARKS, RECREATION & TOURISM",FY2024-25,,TOTAL H. VENUES,160000.0,0.0,322000.0,482000.0,1,tap1a_fy2425.htm,142,"Department of Parks, Recreation & Tourism"
49,"DEPARTMENT OF PARKS, RECREATION & TOURISM",FY2024-25,,TOTAL II. PROGRAMS,47285558.0,0.0,79974234.0,127259792.0,1,tap1a_fy2425.htm,142,"Department of Parks, Recreation & Tourism"
49,"DEPARTMENT OF PARKS, RECREATION & TOURISM",FY2024-25,III. EMPLOYEE BENEFITS,EMPLOYER CONTRIBUTIONS,4371357.0,0.0,6634471.0,11005828.0,0,tap1a_fy2425.htm,142,"Department of Parks, Recreation & Tourism"
49,"DEPARTMENT OF PARKS, RECREATION & TOURISM",FY2024-25,III. EMPLOYEE BENEFITS,TOTAL III. EMPLOYEE BENEFITS,4371357.0,0.0,6634471.0,11005828.0,1,tap1a_fy2425.htm,142,"Department of Parks, Recreation & Tourism"
49,"DEPARTMENT OF PARKS, RECREATION & TOURISM",FY2024-25,III. EMPLOYEE BENEFITS,"TOTAL DEPARTMENT OF PARKS,",59048585.0,0.0,88560705.0,147609290.0,1,tap1a_fy2425.htm,142,"Department of Parks, Recreation & Tourism"
53,SC CONSERVATION BANK,FY2025-26,I. ADMINISTRATION,DIRECTOR,146000.0,0.0,0.0,146000.0,0,tap1a.htm,153,SC Conservation Bank
53,SC CONSERVATION BANK,FY2025-26,I. ADMINISTRATION,CLASSIFIED POSITIONS,200134.0,0.0,0.0,200134.0,0,tap1a.htm,153,SC Conservation Bank
53,SC CONSERVATION BANK,FY2025-26,I. ADMINISTRATION,OTHER OPERATING EXPENSES,272096.0,0.0,0.0,272096.0,0,tap1a.htm,153,SC Conservation Bank
53,SC CONSERVATION BANK,FY2025-26,I. ADMINISTRATION,CONSERVATION BANK TRUST,19000000.0,0.0,0.0,19000000.0,0,tap1a.htm,153,SC Conservation Bank
53,SC CONSERVATION BANK,FY2025-26,I. ADMINISTRATION,NATIONAL COASTAL WETLANDS,0.0,0.0,5200000.0,5200000.0,0,tap1a.htm,153,SC Conservation Bank
53,SC CONSERVATION BANK,FY2025-26,I. ADMINISTRATION,SAVANNAH HARBOR,0.0,0.0,5000000.0,5000000.0,0,tap1a.htm,153,SC Conservation Bank
53,SC CONSERVATION BANK,FY2025-26,I. ADMINISTRATION,WORKING AG LANDS GRANT,4000000.0,0.0,0.0,4000000.0,0,tap1a.htm,153,SC Conservation Bank
53,SC CONSERVATION BANK,FY2025-26,I. ADMINISTRATION,PERMANENT IMPROVEMENTS,0.0,0.0,25000000.0,25000000.0,0,tap1a.htm,153,SC Conservation Bank
53,SC CONSERVATION BANK,FY2025-26,I. ADMINISTRATION,TOTAL I. ADMINISTRATION,23618230.0,0.0,35200000.0,58818230.0,1,tap1a.htm,153,SC Conservation Bank
53,SC CONSERVATION BANK,FY2025-26,II. EMPLOYEE BENEFITS,EMPLOYER CONTRIBUTIONS,150335.0,0.0,0.0,150335.0,0,tap1a.htm,153,SC Conservation Bank
53,SC CONSERVATION BANK,FY2025-26,II. EMPLOYEE BENEFITS,TOTAL II. EMPLOYEE BENEFITS,150335.0,0.0,0.0,150335.0,1,tap1a.htm,153,SC Conservation Bank
53,SC CONSERVATION BANK,FY2025-26,II. EMPLOYEE BENEFITS,TOTAL SC CONSERVATION BANK,23768565.0,0.0,35200000.0,58968565.0,1,tap1a.htm,153,SC Conservation Bank
53,SC CONSERVATION BANK,FY2024-25,I. ADMINISTRATION,DIRECTOR,136772.0,0.0,0.0,136772.0,0,tap1a_fy2425.htm,150,SC Conservation Bank
53,SC CONSERVATION BANK,FY2024-25,I. ADMINISTRATION,CLASSIFIED POSITIONS,205538.0,0.0,0.0,205538.0,0,tap1a_fy2425.htm,150,SC Conservation Bank
53,SC CONSERVATION BANK,FY2024-25,I. ADMINISTRATION,OTHER OPERATING EXPENSES,272096.0,0.0,0.0,272096.0,0,tap1a_fy2425.htm,150,SC Conservation Bank
53,SC CONSERVATION BANK,FY2024-25,I. ADMINISTRATION,CONSERVATION BANK TRUST,13500000.0,0.0,0.0,13500000.0,0,tap1a_fy2425.htm,150,SC Conservation Bank
53,SC CONSERVATION BANK,FY2024-25,I. ADMINISTRATION,NATIONAL COASTAL WETLANDS,0.0,0.0,10000000.0,10000000.0,0,tap1a_fy2425.htm,150,SC Conservation Bank
53,SC CONSERVATION BANK,FY2024-25,I. ADMINISTRATION,SAVANNAH HARBOR,0.0,0.0,5000000.0,5000000.0,0,tap1a_fy2425.htm,150,SC Conservation Bank
53,SC CONSERVATION BANK,FY2024-25,I. ADMINISTRATION,WORKING AG LANDS GRANT,2000000.0,0.0,0.0,2000000.0,0,tap1a_fy2425.htm,150,SC Conservation Bank
53,SC CONSERVATION BANK,FY2024-25,I. ADMINISTRATION,TOTAL I. ADMINISTRATION,16114406.0,0.0,15000000.0,31114406.0,1,tap1a_fy2425.htm,150,SC Conservation Bank
53,SC CONSERVATION BANK,FY2024-25,II. EMPLOYEE BENEFITS,EMPLOYER CONTRIBUTIONS,145909.0,0.0,0.0,145909.0,0,tap1a_fy2425.htm,150,SC Conservation Bank
53,SC CONSERVATION BANK,FY2024-25,II. EMPLOYEE BENEFITS,TOTAL II. EMPLOYEE BENEFITS,145909.0,0.0,0.0,145909.0,1,tap1a_fy2425.htm,150,SC Conservation Bank
53,SC CONSERVATION BANK,FY2024-25,II. EMPLOYEE BENEFITS,TOTAL SC CONSERVATION BANK,16260315.0,0.0,15000000.0,31260315.0,1,tap1a_fy2425.htm,150,SC Conservation Bank
