owner,features,acres,easement_share_of_features,median_gap_status,share_of_estate,pct_of_sc
Federal — military,34,369151.23434727394,0.059,4.0,0.0818,1.8
"Federal — forests, refuges & parks",1934,1888655.8809200616,0.003,3.0,0.4187,9.21
State,1883,736396.2547855676,0.001,2.0,0.1633,3.59
Local government,4212,158577.52166372404,0.005,4.0,0.0352,0.77
Tribal,2,9.639756018586802,0.0,4.0,0.0,0.0
"Land trust / NGO, owned",743,114843.32199939802,0.044,2.0,0.0255,0.56
"Private land, NGO-held easement",3402,1033627.6740669386,1.0,3.0,0.2291,5.04
"Private land, publicly-held easement",825,158040.66723556054,1.0,3.0,0.035,0.77
"Private land, easement holder unrecorded",315,22258.62875120449,0.4,3.0,0.0049,0.11
Other or unknown,59,29258.09155577238,0.0,4.0,0.0065,0.14
