grant_id,property_name,fiscal_year,award,deed_acres,deed_type,recipient,registries_confirming,in_wider_record
0,Alewine Tract,FY2004-05,477103.0,95.9,fee simple,SCDNR,3,True
1,Alexander Tract,FY2005-06,88825.0,41.394,fee simple,SCPRT,2,True
2,"Alston, Rowland P. Tract",FY2007-08,220000.0,220.8,easement,Congaree Land Trust,2,True
3,Anderson Property,FY2018-19,350000.0,314.28,easement,Nation Ford Land Trust,1,True
4,Angel Oak,FY2013-14,890000.0,17.0,fee simple,Lowcountry Land Trust,2,True
5,Asbury Hills,FY2006-07,3750000.0,1892.0,fee simple,The Nature Conservancy,3,True
6,Asbury Hills Expansion,FY2016-17,40000.0,40.15,easement,The Nature Conservancy,3,True
7,Ashley River Historic Project,FY2004-05,6285000.0,12280.0,easement,Ducks Unlimited,0,False
8,Avins Tract,FY2012-13,431130.0,431.13,easement,Congaree Land Trust,1,True
9,Bailey Mill,FY2015-16,493500.0,1645.52,easement,Lowcountry Land Trust,1,True
10,Barker Assoc.,FY2007-08,291534.0,1457.67,easement,The Nature Conservancy,2,True
11,Batten Boggy Tract,FY2006-07,63000.0,315.25,easement,Ducks Unlimited,2,True
12,"Battery Wilkes Tract (E.H. Boinest, III)",FY2012-13,354000.0,1.8,fee simple,SC Battleground Preservation Trust,1,True
13,Battle of Hanging Rock - Horton,FY2019-20,157500.0,30.84,fee simple,SC Battleground Preservation Trust,1,True
14,Battle of Parker's Ferry - Liberty Trail,FY2020-21,55180.0,31.0,fee simple,SC Battleground Preservation Trust,1,True
15,Battle of Port Royal (Harris Pillow) - Liberty Trail,FY2019-20,227963.0,6.08,fee simple,SC Battleground Preservation Trust,2,True
16,Battle of Port Royal (Kling) - Liberty Trail,FY2019-20,125000.0,3.73,fee simple,SC Battleground Preservation Trust,2,True
17,Baxley Tract,FY2004-05,794626.0,979.0,easement,Marion Co SWCD,2,True
18,Belfast Plantation - Phase 1,FY2007-08,2000000.0,2220.0,fee simple,SCDNR,3,True
19,Bell Buoy Tract,FY2006-07,2000000.0,1.1677,fee simple,Town Of Edisto Beach,2,True
20,Big Cypress Plantation,FY2015-16,434000.0,1232.94,easement,Lord Berkeley Conservation Trust,2,True
21,Big Rock Access Expansion,FY2019-20,10000.0,1.0,fee simple,Naturaland Trust,1,True
22,Big Rock Public Access Tract,FY2015-16,28000.0,5.89,fee simple,Naturaland Trust,0,False
23,Big Snooks Tract,FY2018-19,48485.0,288.0,easement,Lowcountry Land Trust,1,True
24,Bird Point Farm,FY2007-08,120000.0,80.0,easement,Ducks Unlimited,2,True
25,Black Creek Plantation,FY2018-19,356400.0,864.0,easement,Lowcountry Land Trust,1,True
26,Black River Landing (Rocky Point Expansion),FY2018-19,90000.0,19.0,fee simple,Open Space Institute,1,True
27,Black River State Park - Phase I,FY2019-20,784600.0,310.67,fee simple,Open Space Institute,1,True
28,Black River State Park - Phase II,FY2021-22,435000.0,816.35,fee simple,Open Space Institute,1,True
29,Black River State Park - Phase III (RMS South Tract),FY2021-22,450000.0,738.44,fee simple,Open Space Institute,1,True
30,Black Swamp Plantation,FY2007-08,406200.0,2031.0,easement,Ducks Unlimited,2,True
31,Blackmon Tract,FY2006-07,424661.0,129.71,fee simple,Aiken Land Conservancy,3,True
32,Blue Heron Property (Battle of Camden),FY2018-19,250000.0,294.45,fee simple,SC Battleground Preservation Trust,1,True
33,Blue Wall Connection - (Blakely & McDiarmid Tracts),FY2007-08,440000.0,136.0,fee simple,Naturaland Trust,0,False
34,Blythe- Goodwin House,FY2005-06,114200.0,10.91,easement,Upstate Forever,2,True
35,Boggy Branch Farms,FY2013-14,270630.0,451.05,easement,Congaree Land Trust,1,True
36,"Boineau, Jack H Tract",FY2014-15,352050.0,15.45,fee simple,SC Battleground Preservation Trust,1,True
37,Boone Hall,FY2019-20,2000000.0,598.88,easement,Lowcountry Land Trust,1,True
38,Boones Creek Oconee Bell Preserve,FY2019-20,200000.0,40.0,fee simple,Naturaland Trust,1,True
39,Bowers Tract,FY2007-08,180195.0,900.978,easement,The Nature Conservancy,1,True
40,Boyd Pond,FY2007-08,300000.0,92.34,fee simple,Aiken Land Conservancy,2,True
41,"Boyd, Steve Tract",FY2014-15,775000.0,1000.0,easement,Nation Ford Land Trust,2,True
42,Bramblewood Tract,FY2018-19,340000.0,680.04,easement,Congaree Land Trust,1,True
43,Bramlett Bottoms,FY2020-21,100000.0,40.7,fee simple,Naturaland Trust,0,False
44,Bryan Dairy,FY2006-07,212500.0,951.0,easement,Lowcountry Land Trust,2,True
45,Bugby Tract,FY2006-07,800000.0,906.0,easement,Lowcountry Land Trust,2,True
46,Bunched Arrowhead Preserve Tr,FY2013-14,465000.0,64.96,easement,Naturaland Trust,1,True
47,Burbage Farm,FY2015-16,36900.0,117.95,easement,Lowcountry Land Trust,1,True
48,Burgess Farms Tract,FY2018-19,275000.0,1012.7,easement,Pee Dee Land Trust,1,True
49,C. McRae Tract,FY2005-06,63750.0,38.1,easement,Marion Co SWCD,2,True
50,"Cain, Kenny Easement",FY2007-08,145000.0,114.0,easement,Oconee County SWCD,2,True
51,Cane Creek Project,FY2012-13,313000.0,228.68,fee simple,Katawba Valley Land Trust,1,True
52,Cannon Tract,FY2006-07,200000.0,144.28,easement,Congaree Land Trust,2,True
53,Cantey Bay Tract,FY2015-16,940915.0,1881.83,easement,Congaree Land Trust,0,False
54,Chapman Bridge Oconee Bell Preserve,FY2019-20,550000.0,238.72,fee simple,Naturaland Trust,0,False
55,Chauga Bluff,FY2014-15,523000.0,696.0,easement,Upstate Forever,2,True
56,Chauga Heights Tract,FY2018-19,550000.0,212.69,fee simple,Naturaland Trust,1,True
57,ChauRam Expansion,FY2007-08,250000.0,89.46,easement,Upstate Forever,1,True
58,Chestnut Ridge Ext,FY2015-16,243250.0,304.75,fee simple,SCDNR,2,True
59,Chinquapin Greenway,FY2005-06,657128.0,43.0,fee simple,Spartanburg Area Conservancy,1,True
60,Chisolm Plantation (Ackerman & Lesesne Tracts),FY2007-08,500000.0,5087.0,easement,Trust for Public Lands,2,True
61,Cleveland-Wilson Farms,FY2004-05,6370000.0,867.0,easement,Upstate Forever,1,True
62,Comalander Tracts,FY2015-16,97805.0,391.22,easement,Congaree Land Trust,1,True
63,Combahatchie Family Tract,FY2015-16,165300.0,550.98,easement,Lowcountry Land Trust,1,True
64,Congaree Carton LP Tracts,FY2012-13,1228000.0,4912.0,easement,Congaree Land Trust,1,True
65,Cope Tract,FY2015-16,141050.0,806.0,easement,Lowcountry Land Trust,1,True
66,Copeland Tract,FY2012-13,162488.0,812.44,easement,The Nature Conservancy,2,True
67,Cordova Road Tract,FY2013-14,28800.0,145.84,easement,Lowcountry Land Trust,1,True
68,Cotton Hall/Mount Repose,FY2007-08,442000.0,2210.0,easement,The Nature Conservancy,1,True
69,Cotton Hills Farm,FY2006-07,782500.0,870.0,easement,Katawba Valley Land Trust,1,True
70,Crab Orchard Plantation,FY2007-08,563800.0,2819.0,easement,Ducks Unlimited,2,True
71,Cragmoor Farms,FY2015-16,1000000.0,120.83,easement,Upstate Forever,1,True
72,Creek Farms,FY2007-08,25000.0,77.7,easement,Edisto Island Open Land Trust,2,True
73,Crescent- Heritage Tract,FY2004-05,2000000.0,1539.19,fee simple,SCDNR,1,True
74,Crescent Tract,FY2015-16,1020750.0,2721.97,easement,Lowcountry Land Trust,1,True
75,Crosby Farm,FY2015-16,69550.0,107.2,easement,Katawba Valley Land Trust,1,True
76,Crosby Tract,FY2012-13,126200.0,631.0,easement,The Nature Conservancy,1,True
77,Culbertson Mill,FY2015-16,99000.0,108.78,easement,Upstate Forever,2,True
78,Cynthia Brown Tract,FY2004-05,135345.0,51.33,easement,Horry Co SWCD,2,True
79,Cypress Creek II,FY2006-07,727250.0,2909.84,easement,Lowcountry Land Trust,2,True
80,Cypress Creek III,FY2006-07,86500.0,346.0,easement,Lowcountry Land Trust,2,True
81,Cypress Swamp,FY2015-16,43575.0,248.8,easement,Lowcountry Land Trust,1,True
82,"Davis, J. E., Jr/Orange Grove Tract",FY2007-08,90000.0,36.7,easement,Sumter Co SWCD,2,True
83,Dawn Plantation,FY2019-20,313650.0,731.0,easement,Lowcountry Land Trust,1,True
84,DDK Management Tract,FY2013-14,746000.0,1865.5,easement,Congaree Land Trust,1,True
85,Deer & Duck Tract (RFL Princess Pond),FY2013-14,500000.0,1006.95,easement,Congaree Land Trust,1,True
86,Deer Park Tract,FY2014-15,489825.0,2177.0,easement,Lowcountry Land Trust,1,True
87,DeLoach Farm,FY2015-16,255825.0,1180.0,easement,Lowcountry Land Trust,1,True
88,Dinkins Mill Tracts,FY2013-14,620160.0,652.8,easement,Congaree Land Trust,1,True
89,Dixon Family Tracts,FY2014-15,200625.0,535.0,easement,Congaree Land Trust,1,True
90,Donoho Farm,FY2006-07,800000.0,2055.0,easement,Pee Dee Land Trust,1,True
91,Douglas B. Sheorn Property,FY2015-16,60800.0,152.69,easement,Katawba Valley Land Trust,1,True
92,"Drayton, Eddie Tract",FY2014-15,194300.0,670.0,easement,Pee Dee Land Trust,1,True
93,DuRant Farm Tract,FY2015-16,45000.0,121.24,easement,Lord Berkeley Conservation Trust,2,True
94,Dusty Acres Tract,FY2012-13,238840.0,238.84,easement,Congaree Land Trust,1,True
95,E. Hickson Tract,FY2005-06,475000.0,318.0,easement,Georgetown Co SWCD,2,True
96,Edisto Packers Tract,FY2006-07,325000.0,29.8022,fee simple,The Nature Conservancy,2,True
97,Edisto River/Four Hole Swamp,FY2005-06,1500000.0,2383.5,fee simple,Audubon South Carolina,2,True
98,Elliott Tract,FY2007-08,460780.0,2335.93,easement,The Nature Conservancy,1,True
99,Exley Plantation,FY2012-13,1257945.0,5031.78,easement,The Nature Conservancy,1,True
100,Fairfield (McCrady) Tract,FY2016-17,44450.0,177.8,easement,Congaree Land Trust,1,True
101,Fall Creek Chatooga,FY2005-06,47000.0,93.52,easement,Upstate Forever,2,True
102,FB SC Tracts,FY2012-13,807894.0,4302.32,easement,Congaree Land Trust,2,True
103,Featherhorn Farms,FY2013-14,1200000.0,1205.63,easement,Congaree Land Trust,1,True
104,First Citizens Bank/Back Swamp School Tr,FY2013-14,325000.0,93.085,fee simple,Pee Dee Land Trust,1,True
105,Floyd Tract,FY2005-06,400000.0,434.14,fee simple,SCDNR,3,True
106,For Ducks Tract,FY2014-15,96875.0,193.75,easement,Congaree Land Trust,1,True
107,Forrester Tract,FY2005-06,1233000.0,38.79,fee simple,Conestee Foundation,2,True
108,Fort Pemberton,FY2018-19,400000.0,8.48,fee simple,City of Charleston,1,True
109,Forty Acre Rock,FY2005-06,375617.0,521.69,fee simple,SCDNR,3,True
110,Fox Tindal Farm Tract,FY2014-15,99780.0,199.56,easement,Congaree Land Trust,1,True
111,Fred Sosnowski Tract,FY2006-07,125000.0,158.0,easement,Lowcountry Land Trust,1,True
112,French Quarter Creek,FY2015-16,166650.0,424.91,easement,Lowcountry Land Trust,1,True
113,Ft. Fairlawn (Corner Investors Tr),FY2013-14,1000000.0,80.0,fee simple,Lord Berkeley Conservation Trust,2,True
114,Gap Creek,FY2016-17,1700000.0,954.529,fee simple,The Nature Conservancy,2,True
115,"Garrett, Richard M.",FY2007-08,112750.0,120.0,easement,Oconee County SWCD,2,True
116,Geddings Tract,FY2015-16,69175.0,124.0,fee simple,The Conservation Fund,1,True
117,Gill Creek Preserve,FY2020-21,82500.0,238.77,easement,Upstate Forever,1,True
118,Glover Plantation,FY2012-13,405328.0,2026.64,easement,Ducks Unlimited,2,True
119,Gopher Woods (Burris) Tract,FY2016-17,306000.0,593.76,easement,Open Land Trust,1,True
120,Gracefield Properties,FY2013-14,143250.0,573.0,easement,Lowcountry Land Trust,1,True
121,Grant Meadow Addition,FY2019-20,65000.0,21.01,easement,Upstate Forever,1,True
122,Grant Meadow Tract,FY2012-13,36800.0,36.81,easement,Upstate Forever,2,True
123,Grassy Knob Tract,FY2015-16,803000.0,776.0,fee simple,Naturaland Trust,1,True
124,Great Falls Natural Area Project,FY2007-08,547665.0,353.0,fee simple,Katawba Valley Land Trust,0,False
125,Green Mountain Tract,FY2012-13,135000.0,139.0,fee simple,Naturaland Trust,1,True
126,Greenbrier Farms,FY2005-06,280000.0,123.52,easement,Upstate Forever,2,True
127,Greenfield Plantation Corner,FY2014-15,75000.0,1.0,fee simple,Georgetown Historical Society,0,False
128,Grey Logs Property,FY2015-16,250000.0,18.9,fee simple,The Conservation Fund,1,True
129,Groton Uplands,FY2018-19,850000.0,13868.0,easement,The Nature Conservancy,1,True
130,H.C. Edens Tract,FY2005-06,974000.0,677.22,easement,Sumter Co SWCD,2,True
131,Halidon Hill Plantation,FY2012-13,62000.0,248.0,easement,Lowcountry Land Trust,1,True
132,Hamilton Ridge Tract,FY2005-06,5000000.0,13280.0,fee simple,SCDNR,3,True
133,Hanahan Tract,FY2015-16,286000.0,91.0,fee simple,SCDNR,3,True
134,"Hanna Trs (Carol Hanna, Leslie Hanna 1 & 2)",FY2012-13,281000.0,1405.0,easement,The Nature Conservancy,1,True
135,Harper Family Home Place & Solomons Tract,FY2007-08,304200.0,1544.0,easement,The Nature Conservancy,1,True
136,"Harper Place, Country Club and Moultrie",FY2007-08,276806.0,1384.03,easement,The Nature Conservancy,1,True
137,"Harper, Andrew R Tract",FY2007-08,866594.0,4322.97,easement,The Nature Conservancy,1,True
138,"Harper, Stiles Tract (Sand Pit & Mikell)",FY2007-08,209504.0,1047.52,easement,The Nature Conservancy,1,True
139,Harrell Farm Trust Tract,FY2015-16,87254.0,290.848,easement,Congaree Land Trust,1,True
140,Henderson/Conestee Tract,FY2004-05,675000.0,112.42,fee simple,Conestee Foundation,2,True
141,St. Helena Community Farm (Henry Farms North),FY2019-20,650000.0,87.94,fee simple,Open Land Trust,1,True
142,Hickory Hills,FY2015-16,263500.0,315.0,easement,Upstate Forever,1,True
143,Hickory Top Tract,FY2013-14,223000.0,223.85,easement,Congaree Land Trust,1,True
144,High Creek Tract (Salley Tr),FY2012-13,835000.0,1704.7,easement,Congaree Land Trust,1,True
145,Hills Property,FY2013-14,115000.0,575.0,easement,Lowcountry Land Trust,1,True
146,Hinson Farm Project,FY2013-14,558424.0,1726.0,easement,Pee Dee Land Trust,1,True
147,Holcim Cement Tract,FY2013-14,71250.0,57.26,fee simple,Audubon South Carolina,1,True
148,Holly Bluff II,FY2018-19,208649.0,449.56,easement,Lowcountry Land Trust,1,True
149,Hopewell Church Property,FY2015-16,152930.0,47.76,fee simple,SC Battleground Preservation Trust,1,True
150,Horse Trail Tract,FY2006-07,153500.0,170.59,fee simple,The Nature Conservancy,3,True
151,Indigo Farms,FY2007-08,25000.0,103.0,easement,Edisto Island Open Land Trust,2,True
152,Ingleside,FY2015-16,255000.0,1020.22,easement,Lowcountry Land Trust,1,True
153,Ingram Dunes,FY2018-19,500000.0,7.24,fee simple,City of North Myrtle Beach,0,False
154,Ingram Properties,FY2013-14,34475.0,197.0,easement,Lowcountry Land Trust,1,True
155,J.M. Shelley Tract,FY2005-06,33875.0,49.0,easement,Horry Co SWCD,2,True
156,Jacob's Grant,FY2014-15,34400.0,171.55,easement,Lowcountry Land Trust,1,True
157,Jason Ross Tract,FY2013-14,398000.0,398.0,easement,Congaree Land Trust,1,True
158,Jimmy Calder Tract,FY2004-05,71500.0,56.5,easement,Marion Co SWCD,2,True
159,JM and SL Shelley Tract,FY2005-06,36750.0,21.03,easement,Horry Co SWCD,2,True
160,JM and SL Shelley Tract 27,FY2005-06,22000.0,35.1,easement,Horry Co SWCD,2,True
161,John Shirley Tract,FY2012-13,380000.0,394.0,easement,Oconee County SWCD,2,True
162,Johnathan Graham,FY2012-13,758010.0,505.34,easement,Horry Co SWCD,2,True
163,"Johns, A.J. Properties",FY2012-13,330600.0,1653.0,easement,Lowcountry Land Trust,1,True
164,Johnson Creek Camp,FY2005-06,300000.0,10.72,fee simple,SCPRT,2,True
165,"Johnson, Alex H., Jr. Tract",FY2007-08,85700.0,46.5,easement,"Horry Conservation Foundation, Inc.",2,True
166,Jones Gap Access Tract,FY2019-20,503626.0,97.26,fee simple,Naturaland Trust,1,True
167,Jones Tract/Mt. Pleasant Tract,FY2007-08,343700.0,982.0,easement,Pee Dee Land Trust,2,True
168,JRJ Farms,FY2020-21,40000.0,120.8,easement,Ducks Unlimited,0,False
169,Keeowee Toxaway Ext Tract,FY2014-15,420000.0,154.0,fee simple,Naturaland Trust,3,True
170,Keithfield,FY2015-16,318000.0,304.87,easement,Upstate Forever,2,True
171,Kel-Sam Farms (Carolyn Black Tract),FY2012-13,850000.0,921.0,fee simple,The Conservation Fund,2,True
172,Kingstree Waterfront Park,FY2019-20,25000.0,2.9,fee simple,Town of Kingstree,0,False
173,Knollwood/Longlands Plt Tract (Phase 1 - Lower Santee Tr),FY2015-16,737850.0,2951.4,easement,Congaree Land Trust,1,True
174,Knowlton Farms,FY2013-14,161460.0,276.0,easement,Sumter Co SWCD,2,True
175,"Knowlton Farms, Forest Field Farms & Thomas DuRant",FY2012-13,316470.0,575.4,easement,Sumter Co SWCD,2,True
176,Kyle Daniel Tract,FY2004-05,320000.0,188.4,easement,Georgetown Co SWCD,2,True
177,Lacie Shelley Tract,FY2005-06,84375.0,64.0,easement,Horry Co SWCD,2,True
178,Lake Conestee Nature Park,FY2006-07,99800.0,81.7,fee simple,Conestee Foundation,2,True
179,Lake Jemiki,FY2006-07,154950.0,129.16,easement,Upstate Forever,1,True
180,Landco Project (Stevens Tract),FY2016-17,555000.0,557.0,fee simple,Audubon South Carolina,1,True
181,Landsford Addition Tract,FY2020-21,400000.0,385.35,fee simple,SCDNR,2,True
182,Langley Pond Tract,FY2006-07,648800.0,96.0,fee simple,Aiken Land Conservancy,1,True
183,Lawton Boggy Tract,FY2006-07,59000.0,295.0,easement,Ducks Unlimited,2,True
184,Lawton Tract,FY2006-07,268000.0,1073.58,easement,The Nature Conservancy,2,True
185,Legacy Farms,FY2018-19,165316.5,367.37,easement,Lowcountry Land Trust,1,True
186,Lemon Island,FY2006-07,500000.0,162.24,fee simple,Trust for Public Lands,2,True
187,Lewis (Firefly) Tract,FY2006-07,185800.0,121.5,easement,Upstate Forever,1,True
188,Liberty Hill Ph II,FY2014-15,1500000.0,1829.59,fee simple,SCDNR,2,True
189,Liberty Hill Tract,FY2012-13,1500000.0,937.0,fee simple,The Conservation Fund,3,True
190,Little Junkyard Bay,FY2013-14,227708.0,569.27,easement,Congaree Land Trust,1,True
191,LOCURA Tract,FY2016-17,60250.0,241.0,easement,Congaree Land Trust,1,True
192,Lombard Tract,FY2012-13,55000.0,117.89,easement,Upstate Forever,1,True
193,Lyle Property,FY2019-20,143300.0,165.89,easement,Oconee County SWCD,0,False
194,Macdonald & Sons Farm,FY2007-08,169000.0,181.6,easement,Sumter Co SWCD,2,True
195,Marhaygue Tract,FY2015-16,1209205.0,2418.41,easement,Congaree Land Trust,1,True
196,Mariwill Timber Plantation,FY2019-20,297100.0,1189.5,easement,Congaree Land Trust,1,True
197,Marsh Furniture Tract,FY2004-05,2000000.0,8347.0,fee simple,SCDNR,3,True
198,Mays - Epworth Conservation Area (Adams),FY2020-21,225000.0,1332.29,easement,Upper Savannah Land Trust,0,False
199,"McCall, Arthur Jr. Tract",FY2014-15,700000.0,160.491,fee simple,Friends of Paris Mt State Park,1,True
200,McCorkle Tract,FY2005-06,410000.0,28.75,fee simple,Spartanburg Area Conservancy,2,True
201,McDowell Creek Tract,FY2007-08,2000000.0,1877.96,fee simple,SCDNR,3,True
202,McKinney Creek Oconee Bell Preserve,FY2019-20,450000.0,195.6,fee simple,Naturaland Trust,0,False
203,McLeod Tract,FY2006-07,500000.0,375.0,easement,Trust for Public Lands,1,True
204,Merchants Bank Bldg.,FY2006-07,100000.0,0.12,fee simple,Eastover-Lower Richland Business Asso,1,True
205,Meyer Lake,FY2020-21,1000000.0,974.0,fee simple,Lowcountry Land Trust,1,True
206,Michael Walden Tract,FY2013-14,53700.0,231.0,easement,Upper Savannah Land Trust,1,True
207,Middleton Place,FY2006-07,2000000.0,4497.0,easement,The Conservation Fund,2,True
208,Middleton Place/Edmondston-Alston Family Trust,FY2007-08,820000.0,1274.0,easement,The Conservation Fund,1,True
209,Mike and Tina Comalander Tracts,FY2015-16,66783.0,267.13,easement,Congaree Land Trust,1,True
210,Mill Shoals Community Forest,FY2019-20,1650000.0,713.15,fee simple,Naturaland Trust,1,True
211,"Miller, Eloise Tract",FY2015-16,79500.0,53.023,easement,Nation Ford Land Trust,1,True
212,Millgrove Plantation,FY2020-21,165000.0,444.6,easement,Lowcountry Land Trust,1,True
213,MillRho (Oak Grove 2),FY2016-17,291000.0,1164.64,easement,The Nature Conservancy,1,True
214,Millwood Farms,FY2013-14,184450.0,443.46,easement,Congaree Land Trust,2,True
215,Millwood Farms LLP 2 (Culler Family),FY2014-15,221918.0,522.16,easement,Congaree Land Trust,2,True
216,Moore Property,FY2020-21,30557.0,56.62,easement,Oconee County SWCD,0,False
217,Morris Ford Tract,FY2015-16,60000.0,4.45,fee simple,SC Battleground Preservation Trust,1,True
218,Morris Island Tract,FY2005-06,1500000.0,117.7,fee simple,Trust for Public Lands,2,True
219,Morrow Creek Timbers,FY2020-21,150000.0,429.92,easement,Upstate Forever,1,True
220,Mtn. Bridge Passage,FY2005-06,1550000.0,175.0,fee simple,Naturaland Trust,2,True
221,Murray Tract,FY2012-13,78400.0,392.29,easement,The Conservation Fund,2,True
222,Murray Tract Phase III,FY2013-14,219096.0,1095.48,easement,The Conservation Fund,1,True
223,Myrtle Grove Plt - Marvin Tracts BC,FY2015-16,134186.0,357.83,easement,Ducks Unlimited,2,True
224,Myrtle Grove Plt Tract,FY2014-15,643268.0,1715.38,easement,Ducks Unlimited,2,True
225,Neil McPhail Tract,FY2012-13,232187.0,117.0,easement,Oconee County SWCD,1,True
226,Ness Bay Tr,FY2013-14,120000.0,300.0,easement,Congaree Land Trust,1,True
227,Nine  Times Tract A,FY2007-08,1500000.0,560.0,fee simple,The Nature Conservancy,3,True
228,Nine Times B&C,FY2012-13,1500000.0,1648.0,fee simple,Upstate Forever,3,True
229,North Enoree Watershed Tract,FY2016-17,100000.0,34.47,fee simple,Naturaland Trust,1,True
230,Nowacki Tract/Wadakoe Mt.,FY2007-08,120000.0,50.0,easement,The Nature Conservancy,1,True
231,Oak Grove,FY2006-07,177000.0,209.0,easement,The Nature Conservancy,1,True
232,Oakland Club,FY2015-16,3581730.0,11166.17,easement,Lord Berkeley Conservation Trust,2,True
233,Oaks Plantation,FY2021-22,290000.0,204.26,fee simple,Open Space Institute,1,True
234,Oconee Town Village,FY2016-17,134000.0,53.68,fee simple,Naturaland Trust,1,True
235,Old Santee Canal,FY2020-21,270000.0,564.94,easement,Lord Berkeley Conservation Trust,1,True
236,Paradise Shrimp Farms,FY2007-08,100000.0,504.5,easement,Edisto Island Open Land Trust,2,True
237,Paris Mountain Expansion Tract,FY2015-16,160000.0,33.431,fee simple,Naturaland Trust,1,True
238,Paris Mountain Gospel,FY2018-19,20000.0,23.35,fee simple,Naturaland Trust,0,False
239,Patriots Plantation II,FY2014-15,653625.0,1867.5,easement,Ducks Unlimited,2,True
240,Paul Sanders Tract,FY2006-07,420000.0,164.89,easement,Trust for Public Lands,2,True
241,Pecan Alley Farms Tract,FY2015-16,44795.0,89.57,easement,Congaree Land Trust,1,True
242,Peeples Waldburg Tract,FY2014-15,117800.0,589.0,easement,Lowcountry Land Trust,1,True
243,Perry Dam Tract,FY2015-16,86700.0,289.0,easement,Lowcountry Land Trust,1,True
244,Persimmon Ridge Headwaters Tract,FY2016-17,125000.0,16.26,fee simple,Naturaland Trust,1,True
245,Pettigrew Tract (Murray Tract),FY2015-16,300000.0,1044.7,easement,Pee Dee Land Trust,1,True
246,Pin Branch Plantation,FY2013-14,21000.0,105.0,easement,Lowcountry Land Trust,1,True
247,Pine Hill/Swamp Solomons,FY2007-08,99800.0,718.0,easement,The Nature Conservancy,1,True
248,Pinewood Farms,FY2013-14,175747.0,270.38,easement,Congaree Land Trust,1,True
249,Piney Mountain,FY2021-22,130000.0,40.79,fee simple,Naturaland Trust,1,True
250,Pinnacle Partners Tracts,FY2018-19,34330.0,137.32,easement,Congaree Land Trust,1,True
251,Plum Creek Timberlands Tr,FY2014-15,70000.0,35.83,fee simple,Audubon South Carolina,1,True
252,Pollard Tract (Milbury),FY2006-07,2374312.0,10398.0,easement,The Nature Conservancy,2,True
253,Powell Properties,FY2014-15,392142.0,364.6,easement,Oconee County SWCD,1,True
254,"Powell, Marion J. ""Pete"" Tract",FY2012-13,84375.0,75.0,easement,Oconee County SWCD,2,True
255,Powers Farm,FY2012-13,165110.0,207.65,easement,Sumter Co SWCD,2,True
256,Ramey Tract,FY2013-14,141156.0,128.324,easement,Oconee County SWCD,1,True
257,Ramsay Farms,FY2012-13,130000.0,130.0,easement,Upstate Forever,2,True
258,Rhodes-Kinsey Tract,FY2012-13,208320.0,1041.6,easement,Ducks Unlimited,2,True
259,Rhodes and IP/Milbury,FY2013-14,328600.0,1006.7,easement,Lowcountry Land Trust,1,True
260,River Oaks Plantation,FY2020-21,975000.0,1005.18,fee simple,Ducks Unlimited,1,True
261,Riverbend Shoals Tract,FY2012-13,290000.0,580.0,easement,Upstate Forever,2,True
262,"Rivers, J. T., Jr. 97",FY2007-08,111000.0,148.0,easement,Sumter Co SWCD,2,True
263,"Rivers, J. T., Jr. 98",FY2007-08,53900.0,61.6,easement,Sumter Co SWCD,2,True
264,Riverside Farms,FY2016-17,1200000.0,2120.0,easement,Pee Dee Land Trust,1,True
265,Robert Battle Tract,FY2005-06,55250.0,65.3,easement,Horry Co SWCD,2,True
266,Rocky Fork Farm,FY2006-07,136500.0,130.91,easement,Upstate Forever,2,True
267,Rocky Point Landing Tr,FY2013-14,1109670.0,467.75,fee simple,Winyah Rivers Foundation,1,True
268,Rocky River Nature Park,FY2012-13,75000.0,128.46,easement,Upstate Forever,2,True
269,Rocky Shoals Spider Lily Preserve,FY2015-16,100000.0,12.93,fee simple,Naturaland Trust,1,True
270,Rogers Family Farm,FY2019-20,99539.0,496.5,easement,Pee Dee Land Trust,1,True
271,Rose Hill Farm Phase 1,FY2007-08,750000.0,336.0,easement,Upstate Forever,2,True
272,Rosemont Plantation Expansion,FY2019-20,350000.0,123.82,fee simple,Rosemont Preservation Society,0,False
273,Rosemont Preservation Society,FY2007-08,45000.0,4.5,fee simple,Rosemont Preservation Society,1,True
274,Roxbury Park Phase II,FY2019-20,141000.0,55.88,fee simple,Town of Meggett,1,True
275,Royal Tract,FY2015-16,310450.0,1774.0,easement,Lowcountry Land Trust,1,True
276,S. Tyger River Blueways Tract,FY2019-20,140000.0,52.85,easement,Spartanburg Area Conservancy,1,True
277,Salt Landing,FY2007-08,217000.0,572.0,easement,The Nature Conservancy,2,True
278,Salt Point Timber Tract,FY2007-08,400000.0,1032.0,easement,Trust for Public Lands,2,True
279,Saluda Rivers Connector (Phase 1),FY2018-19,500000.0,181.0,fee simple,Naturaland Trust,2,True
280,Saluda Rivers Connector (Phase II),FY2019-20,500000.0,181.0,fee simple,Naturaland Trust,2,True
281,Saluda Rivers Gorge,FY2019-20,569988.0,225.5,fee simple,Naturaland Trust,1,True
282,Samworth Farms - McTeer Tract,FY2019-20,180000.0,39.23,fee simple,Georgetown County,1,True
283,Sanctuary Timberlands Tracts,FY2019-20,88248.0,352.99,easement,Congaree Land Trust,1,True
284,Sand Creek Farm,FY2007-08,100000.0,217.1,easement,The Nature Conservancy,2,True
285,Sanders Farm Tract,FY2012-13,83600.0,418.0,easement,Ducks Unlimited,2,True
286,Sandy Run Forest,FY2019-20,155000.0,237.3,easement,Upstate Forever,1,True
287,Santee Bottomlands Preserve,FY2015-16,1014000.0,2276.64,easement,Lord Berkeley Conservation Trust,2,True
288,Santee River Tract,FY2013-14,2167750.0,8517.0,easement,Ducks Unlimited,1,True
289,Scotswood,FY2018-19,359290.0,3590.2,easement,Lord Berkeley Conservation Trust,1,True
290,Scottland Road Tract,FY2019-20,60000.0,95.0,fee simple,Pee Dee Land Trust,1,True
291,SCWA Tract,FY2013-14,390000.0,390.0,easement,Congaree Land Trust,1,True
292,Segars Mill Pond Tract,FY2006-07,2443389.0,533.88,easement,Black Creek Land Trust,2,True
293,Seven Oaks Tract,FY2015-16,525000.0,106.2,easement,Lowcountry Land Trust,1,True
294,Shinco Chauga Tract,FY2012-13,402000.0,402.0,easement,Upstate Forever,2,True
295,Silver Bluff Audubon Center and Sanctuary,FY2015-16,812608.0,3250.43,easement,Lowcountry Land Trust,1,True
296,Simkins River Farm,FY2013-14,523600.0,2617.0,easement,Lowcountry Land Trust,1,True
297,"Simmons, Kenneth Tract (Birchwood Farms)",FY2012-13,364500.0,405.5,easement,Congaree Land Trust,1,True
298,Slater Duck Ponds,FY2021-22,1678670.0,335.62,fee simple,Open Space Institute,1,True
299,Smith Ford Farm,FY2020-21,321472.0,446.32,easement,Nation Ford Land Trust,1,True
300,Sosnowski Property,FY2006-07,150000.0,178.0,easement,Lowcountry Land Trust,2,True
301,South Fenwick Island Tract,FY2015-16,500000.0,400.94,fee simple,SCDNR,3,True
302,South Saluda Trout Fishing (Jones Tree Farm),FY2013-14,97000.0,27.45,fee simple,Naturaland Trust,2,True
303,Southern Property,FY2013-14,21600.0,108.0,easement,Lowcountry Land Trust,1,True
304,Spring Grove Tract,FY2014-15,478000.0,638.0,easement,Ducks Unlimited,2,True
305,Spring Park,FY2020-21,300000.0,20.44,fee simple,Upstate Forever,1,True
306,Stateline Blue Ridge Tract,FY2018-19,135000.0,28.21,fee simple,Naturaland Trust,1,True
307,Still Branch Plantation,FY2014-15,10400.0,52.0,easement,Lowcountry Land Trust,1,True
308,Stuck 2020 Property,FY2019-20,347554.0,2700.0,easement,Nation Ford Land Trust,1,True
309,Stumphouse Mountain,FY2006-07,1227150.0,439.6,fee simple,Upstate Forever,2,True
310,Stumphouse Mountain Expansion,FY2019-20,898527.0,791.8,fee simple,SCDNR and TNC,2,True
311,Sumter Wateree Tract,FY2012-13,937250.0,3749.0,easement,Congaree Land Trust,1,True
312,Swamp Rabbit Trail Ext. (North Saluda River Tract),FY2012-13,140000.0,49.2,fee simple,Naturaland Trust,1,True
313,Tall Pines Tract,FY2015-16,3000000.0,1757.0,fee simple,The Conservation Fund,2,True
314,Ten Oaks Timberlands Tract,FY2015-16,31356.0,104.52,easement,Congaree Land Trust,1,True
315,Terry Andrews,FY2007-08,761805.0,1539.0,easement,The Conservation Fund,2,True
316,The Furman Face Property (Phase II),FY2016-17,450000.0,65.0,fee simple,Naturaland Trust,1,True
317,Thompson J. Bradford Property/Timberhaven,FY2007-08,215000.0,878.0,easement,Upper Savannah Land Trust,1,True
318,Thornhill Farms Tract,FY2014-15,163400.0,98.2,fee simple,East Cooper Land Trust,1,True
319,Ti Ti Plantation,FY2013-14,231625.0,1853.0,easement,The Nature Conservancy,1,True
320,Tibwin Tract,FY2006-07,500000.0,900.17,fee simple,The Nature Conservancy,3,True
321,Timberhaven (Thompson II),FY2016-17,132500.0,516.64,easement,Upper Savannah Land Trust,1,True
322,Tokeena Crossroads,FY2006-07,2695745.0,1107.87,easement,Oconee County SWCD,2,True
323,Tom's Branch,FY2015-16,155250.0,575.0,easement,Lowcountry Land Trust,1,True
324,Toole Tract,FY2007-08,250000.0,349.39,easement,Aiken Land Conservancy,1,True
325,Top of South Carolina Tract,FY2015-16,550000.0,66.5,fee simple,Naturaland Trust,1,True
326,Townes/S. Saluda,FY2005-06,965000.0,585.61,easement,Upstate Forever,2,True
327,Van Watts Tract,FY2013-14,362338.0,724.67,easement,Congaree Land Trust,1,True
328,Velma Johnson Tract,FY2004-05,179400.0,34.0,easement,Horry Co SWCD,2,True
329,Wallace Farm,FY2016-17,100000.0,347.67,easement,Pee Dee Land Trust,1,True
330,"Walters, Rainey",FY2007-08,71250.0,80.7,easement,Oconee County SWCD,2,True
331,Wambaw Tract,FY2006-07,250000.0,100.01,fee simple,"The Village Museum, McClellanville",2,True
332,Waterloo Tract,FY2006-07,289450.0,406.0,easement,Upstate Forever,1,True
333,Westervelt Timber,FY2014-15,2483600.0,12418.0,easement,The Nature Conservancy,1,True
334,Whaley Property,FY2007-08,200000.0,94.2,fee simple,Naturaland Trust,3,True
335,White Plains Tract,FY2020-21,275000.0,121.58,fee simple,SCDNR,1,True
336,Wild Turkey Creek Tract,FY2019-20,74232.0,329.92,easement,Congaree Land Trust,1,True
337,Williamson Farm Tract,FY2012-13,63000.0,63.4,easement,Congaree Land Trust,1,True
338,Willow Lake (Bamberg Tract),FY2019-20,278000.0,1373.12,easement,Lowcountry Land Trust,1,True
339,Willow Oaks Tract,FY2012-13,195000.0,195.06,easement,Congaree Land Trust,1,True
340,Willtown (Knox) - ACE Basin,FY2020-21,250000.0,2101.27,easement,The Nature Conservancy,1,True
341,Wilson and Willson,FY2015-16,100000.0,81.9,fee simple,The Conservation Fund,1,True
342,Winborn a/s/a Lawton Plantation,FY2007-08,262800.0,1314.0,easement,Lowcountry Land Trust,1,True
343,Woodbury Tract,FY2005-06,5000000.0,25668.0,fee simple,SCDNR,3,True
344,Yem Tract,FY2015-16,108750.0,435.0,easement,Lowcountry Land Trust,1,True
345,Altamont Ridge,FY2021-22,90000.0,9.56,fee simple,Naturaland Trust,1,True
346,Calico Vineyard,FY2021-22,225000.0,112.54,easement,Upstate Forever,1,True
347,Combahee Scott,FY2021-22,79620.0,209.0,easement,Open Land Trust,1,True
348,Gobblers Roost,FY2021-22,393506.0,1020.08,easement,Upstate Forever,1,True
349,Graham Family Tract,FY2021-22,242000.0,20.7,fee simple,Spartanburg Area Conservancy,1,True
350,Green Creek on Scenic 11,FY2021-22,90000.0,16.22,fee simple,Naturaland Trust,1,True
351,River Falls,FY2021-22,650000.0,170.97,fee simple,Naturaland Trust,1,True
352,Wall Farm,FY2021-22,29169.0,97.23,easement,Lord Berkeley Conservation Trust,1,True
353,Whetstone Hill,FY2021-22,34500.0,38.12,easement,Upstate Forever,1,True
354,Battle of Hobkirk's Hill - Liberty Trail (Noskwith),FY2021-22,148500.0,5.12,fee simple,SC Battleground Preservation Trust,1,True
355,Historic Crawford Mill Property,FY2021-22,250000.0,40.09,fee simple,The Foothills Farmstead,0,False
356,YLASI Property,FY2021-22,150000.0,315.42,easement,Pee Dee Land Trust,1,True
357,Mays-Epworth Conservation Area (Turner),FY2021-22,86500.0,216.25,easement,Upper Savannah Land Trust,1,True
358,Watson Farm,FY2021-22,235000.0,701.74,easement,Pee Dee Land Trust,1,True
359,Woodsend Park and Open Space,FY2021-22,1000000.0,86.32,fee simple,Nation Ford Land Trust,1,True
360,Good Hope Landing Tract,FY2021-22,170000.0,148.0,fee simple,SCDNR,1,True
361,Core Bunched Arrowhead Preserve,FY2019-20,40000.0,16.72,fee simple,Naturaland Trust,1,True
362,Bobwhite Hills,FY2021-22,850000.0,773.99,fee simple,Pheasants Forever & Quail Forever,1,True
363,Liberty Trail - Battle of Hobkirk's Hill (Conder Property),FY2021-22,75000.0,1.72,fee simple,SC Battleground Preservation Trust,1,True
364,Piedmont Manufacturing Company YWCA,FY2021-22,76500.0,0.7,fee simple,Piedmont Historical Preservation Society,0,False
365,River Swamp Tract,FY2021-22,345000.0,1017.5,easement,Open Land Trust,1,True
366,Santee Island (Santee Delta WMA Addition),FY2021-22,850000.0,1862.0,fee simple,SCDNR,1,True
367,Toner Tract,FY2021-22,84068.0,336.27,easement,Lord Berkeley Conservation Trust,1,True
368,Cedar Mountain,FY2021-22,500000.0,141.0,fee simple,Naturaland Trust,1,True
369,Tyger River Confluence,FY2021-22,157500.0,200.78,easement,Upstate Forever,1,True
370,North Fork Edisto Tract,FY2021-22,49950.0,36.71,easement,Congaree Land Trust,1,True
371,Berkeley Orchard,FY2022-23,162500.0,4.41,fee simple,City of Clemson,1,True
372,Fishing Creek Tract,FY2022-23,125000.0,110.48,easement,Nation Ford Land Trust,1,True
373,Soapstone Church,FY2022-23,20000.0,6.45,easement,Upstate Forever,1,True
374,ACE Basin: St. Helena Estuary (Cummings) Ti Ti 2,FY2022-23,215000.0,1742.0,easement,The Nature Conservancy,1,True
375,Historic Glendale Mill,FY2022-23,785000.0,16.49,fee simple,Spartanburg Area Conservancy,1,True
376,Oakville / Burden Creek,FY2022-23,500000.0,90.16,easement,Lowcountry Land Trust,1,True
377,Hazelwood Farm,FY2022-23,78050.0,178.1,easement,Katawba Valley Land Trust,0,False
378,Newton Farm,FY2022-23,250000.0,563.47,easement,Pee Dee Land Trust,1,True
379,"Black River (Camel, LLC) Park Ranger Tract",FY2022-23,1200000.0,162.93,fee simple,The Nature Conservancy,1,True
380,Carter Property,FY2022-23,110000.0,46.0,easement,Nation Ford Land Trust,1,True
381,Shiloh Ridge at Paris Mountain,FY2022-23,750000.0,149.88,fee simple,Naturaland Trust,1,True
382,Waites Island,FY2022-23,4000000.0,259.25,fee simple,Open Space Institute,1,True
383,Curryton Academy Park,FY2022-23,27565.0,0.37,fee simple,Edgefield County Historical Society,0,False
384,Black River State Park: Sims Reach (Colonial Properties),FY2022-23,300000.0,143.22,fee simple,SCPRT and TNC,1,True
385,Great Santee Swamp,FY2022-23,649000.0,2114.95,fee simple,Open Space Institute,1,True
386,Santee River - Dawhoo and Wadmacon Creek Tract,FY2022-23,645000.0,1742.55,fee simple,The Nature Conservancy,1,True
387,Blackwell Farm,FY2022-23,137500.0,50.28,easement,Upstate Forever,1,True
388,Eastatoe Headwaters,FY2022-23,45000.0,26.61,easement,Upstate Forever,1,True
389,Plantersville Cultural Center,FY2022-23,60000.0,10.0,fee simple,Open Space Institute,1,True
390,Eureka Preserve,FY2022-23,350000.0,601.46,easement,Aiken Land Conservancy,1,True
391,Little Eastatoee on Scenic Hwy 11,FY2022-23,400000.0,234.72,fee simple,Naturaland Trust,1,True
392,Limerick Plantation,FY2022-23,266535.0,233.99,easement,Lord Berkeley Conservation Trust,1,True
393,Gourdin Tracts,FY2022-23,130757.0,342.75,easement,Lord Berkeley Conservation Trust,1,True
394,Congaree Creek Heritage Preserve Addition,FY2022-23,7000000.0,575.81,fee simple,Open Space Institute,1,True
395,Woodcock Woods,FY2022-23,300000.0,31.64,fee simple,Naturaland Trust,1,True
396,River Road,FY2022-23,160000.0,27.03,fee simple,Naturaland Trust,1,True
397,Salters Property,FY2022-23,385000.0,626.0,easement,Pee Dee Land Trust,1,True
398,Saluda Dam Acres,FY2022-23,275000.0,69.59,easement,Upstate Forever,1,True
399,Bishop Branch Pastures,FY2022-23,145800.0,64.73,easement,Upstate Forever,1,True
400,Independence Farm,FY2022-23,650000.0,498.22,fee simple,Open Space Institute,1,True
401,Botany Bay Heritage Preserve Addition,FY2022-23,1200000.0,180.17,fee simple,Open Space Institute,1,True
402,Slater Tract,FY2022-23,1000000.0,3507.45,fee simple,SCDNR,1,True
403,Triple Oak Farm,FY2022-23,150000.0,91.79,easement,Upstate Forever,1,True
404,Jenkins House,FY2022-23,280000.0,9.23,fee simple,Pendleton Historic Foundation,1,True
405,Black River SP - RMS North,FY2022-23,1250000.0,535.25,fee simple,Open Space Institute,1,True
406,Cotton Hall,FY2022-23,3000000.0,232.0,fee simple,Open Space Institute,1,True
407,Bradham Tract - SC Liberty Trail,FY2022-23,124000.0,4.29,fee simple,SC Battleground Preservation Trust,1,True
408,Hammonds Store Battlefield,FY2022-23,80000.0,30.0,fee simple,SC Battleground Preservation Trust,1,True
409,Cooler Dairy Farm,FY2022-23,250000.0,654.0,easement,Lowcountry Land Trust,1,True
410,Halfway Swamp Creek,FY2022-23,175000.0,288.37,easement,Upper Savannah Land Trust,1,True
411,Willowbend,FY2022-23,300000.0,348.53,fee simple,SCDNR,1,True
412,Buckfield,FY2022-23,850000.0,2064.52,easement,Open Land Trust,1,True
413,Lee State Park - KDR/OSI (match with LF),FY2022-23,173000.0,137.29,fee simple,Congaree Land Trust,1,True
414,Fort Motte Cliffs,FY2022-23,400000.0,400.0,easement,Ducks Unlimited,1,True
415,Gilstrap Mountain (Scenic Hwy 11),FY2022-23,500000.0,166.18,fee simple,Naturaland Trust,1,True
416,Poinsett Bridge Expansion Tracts - Southern Blue Ridge Escarpment (Boy Scouts of America),FY2023-24,700000.0,287.6,fee simple,The Nature Conservancy,1,True
417,White Branch on Scenic 11,FY2022-23,350000.0,159.0,fee simple,Naturaland Trust,1,True
418,Nine Times Cove,FY2023-24,20000.0,4.15,fee simple,Naturaland Trust,1,True
419,Cedar Mountain Expansion,FY2022-23,160000.0,24.17,fee simple,Naturaland Trust,1,True
420,Daus - Knights Hill,FY2022-23,500000.0,1010.27,easement,Katawba Valley Land Trust,1,True
421,Ingleside Park,FY2023-24,1000000.0,445.8,fee simple,Open Space Institute,1,True
422,"Barberry Woods Fee Simple Project (Johns Island, SC)",FY2023-24,100000.0,6.12,fee simple,City of Charleston,1,True
423,Bowers Farm,FY2023-24,500000.0,488.33,easement,Open Land Trust,1,True
424,"Savannah River and Uplands (Pauline Place, LLC) Lowlands",FY2023-24,300000.0,1218.3,easement,The Nature Conservancy,1,True
425,Twin Ponds,FY2023-24,156000.0,91.69,easement,Upstate Forever,1,True
426,Paris Mountain Forest Haven,FY2023-24,375000.0,19.96,fee simple,Naturaland Trust,1,True
427,SC Liberty Trail - Camden Gaol Site,FY2023-24,123500.0,0.87,fee simple,SC Battleground Preservation Trust,1,True
428,Dalzell Bay,FY2023-24,80000.0,61.1,fee simple,Naturaland Trust,1,True
429,Andrews Black River Park,FY2023-24,5800000.0,1806.43,fee simple,Open Space Institute,1,True
430,Saluda Bluffs,FY2023-24,9000000.0,1090.0,fee simple,Naturaland Trust,1,True
431,Hazelwood Farm 2,FY2023-24,215000.0,373.43,easement,SC Farm Bureau Land Trust,1,True
432,Betsy Kerrison Nature Trail Phase 3,FY2023-24,145000.0,3.0,fee simple,Conservancy of the Sea Islands,1,True
433,Logger Court,FY2023-24,290000.0,23.4,fee simple,Naturaland Trust,1,True
434,George Aull Expansion Clemson Forest,FY2023-24,1200000.0,82.47,fee simple,Naturaland Trust,1,True
435,Santee Delta Plantation,FY2023-24,75000.0,108.86,easement,Lowcountry Land Trust,1,True
436,Catawba - Nisbet Tract,FY2023-24,3800000.0,596.36,fee simple,Open Space Institute,1,True
437,Blakely South Saluda,FY2005-06,135000.0,50.0,fee simple,SCDNR,2,True
438,Horsepen Creek II,FY2023-24,76500.0,31.72,easement,Upstate Forever,1,True
439,The Happy Berry,FY2023-24,77000.0,22.26,easement,Upstate Forever,1,True
440,Hanna Farm,FY2023-24,40000.0,129.35,easement,Pee Dee Land Trust,1,True
441,Sleepy Prong,FY2023-24,60000.0,136.97,easement,Pee Dee Land Trust,1,True
442,Pleasant Grove,FY2023-24,40000.0,79.33,easement,Pee Dee Land Trust,1,True
443,Bob McCartney - Rossdhu Longleaf Preserve,FY2023-24,81000.0,61.0,easement,Upper Savannah Land Trust,1,True
444,Santee Corridor - RMS-Wadmacon,FY2023-24,1950000.0,2248.0,fee simple,Open Space Institute,1,True
445,James Island CP - Bradham Road Addition,FY2023-24,500000.0,25.35,fee simple,Open Space Institute,1,True
446,Beefield Community Park,FY2023-24,150000.0,4.0,fee simple,Lowcountry Land Trust,1,True
447,Seawright-Drake Homestead (Fleming),FY2023-24,50000.0,75.74,easement,Upper Savannah Land Trust,1,True
448,Stillwell Homeplace Farm,FY2023-24,62699.0,197.79,easement,Pee Dee Land Trust,1,True
449,Stillwell – Tatum Farm,FY2023-24,110000.0,437.51,easement,Pee Dee Land Trust,1,True
450,Waites - Olivia Boyce Tracts,FY2023-24,4000000.0,111.22,fee simple,Open Space Institute,1,True
451,Waites - Merrill Boyce Tracts,FY2023-24,8000000.0,107.02,fee simple,Open Space Institute,1,True
452,Bay Farm,FY2023-24,100000.0,346.3,easement,Pee Dee Land Trust,1,True
453,Blue Branch Farm,FY2023-24,400000.0,381.1,easement,Nation Ford Land Trust,1,True
454,Gin Branch Farms LLC II tracts,FY2023-24,150000.0,590.01,easement,Congaree Land Trust,1,True
455,Possum Holler,FY2023-24,106500.0,79.4,easement,Upstate Forever,1,True
456,D. Brown Land and Timber LLC,FY2023-24,103850.0,308.46,easement,Congaree Land Trust,1,True
457,Brown Mountain,FY2023-24,2145610.0,572.71,fee simple,Naturaland Trust,1,True
458,Kings Mountain- Metker,FY2023-24,1700000.0,47.53,fee simple,Open Space Institute,1,True
459,Forty Acre Rock Farm,FY2023-24,195000.0,97.08,fee simple,Open Space Institute,1,True
460,Hope Station LLC,FY2023-24,573100.0,1081.34,easement,Congaree Land Trust,1,True
461,Stilwell - Cannery Farm,FY2023-24,250000.0,797.88,easement,Pee Dee Land Trust,1,True
462,Cedarleaf Farm,FY2023-24,90000.0,64.96,easement,SC Farm Bureau Land Trust,1,True
463,Short Branch,FY2023-24,1310000.0,218.75,fee simple,Naturaland Trust,1,True
464,Warren Hooper,FY2023-24,85000.0,53.1,easement,Oconee County SWCD,1,True
465,Betsy Kerrison Nature Trail Phase 2,FY2023-24,250000.0,13.32,fee simple,Conservancy of the Sea Islands,1,True
466,Hiott Station,FY2023-24,175000.0,561.8,easement,Lowcountry Land Trust,1,True
467,Oakland Plantation,FY2023-24,602500.0,52.06,fee simple,Upstate Preservation Trust,1,True
468,Hereford Hill Farm,FY2023-24,170000.0,101.41,easement,Upstate Forever,1,True
469,Pudding Swamp - Atkinson Farm,FY2023-24,150000.0,383.15,easement,Pee Dee Land Trust,1,True
470,North Island,FY2023-24,2000000.0,114.66,fee simple,Lord Berkeley Conservation Trust,1,True
471,Shaws Creek Preserve,FY2023-24,1900000.0,2657.63,easement,Aiken Land Conservancy,1,True
472,Limehouse,FY2023-24,1400000.0,102.88,fee simple,Dorchester County,1,True
473,Shealy Farm,FY2023-24,242000.0,339.44,easement,SC Farm Bureau Land Trust,1,True
474,Pearl Bottoms,FY2023-24,143000.0,60.3,easement,Upstate Forever,1,True
475,Harrison Street Properties Purchase,FY2023-24,165000.0,12.61,fee simple,Town of Pendleton,1,True
476,Harrell Family Park,FY2023-24,2500000.0,156.41,fee simple,Town of Meggett,1,True
477,Witherspoon Island,FY2023-24,850000.0,3707.94,easement,Pee Dee Land Trust,1,True
478,Korn Tract,FY2023-24,1090000.0,302.32,fee simple,Aiken Land Conservancy,1,True
479,Tyger Oak Property,FY2023-24,23000000.0,945.91,fee simple,Spartanburg Area Conservancy,1,True
480,Betsy Kerrison Nature Trail Phase 4,FY2023-24,245000.0,8.6,fee simple,Conservancy of the Sea Islands,1,True
481,Gregorie Neck,FY2023-24,2000000.0,4409.3,easement,Open Land Trust,1,True
482,Searles Family Homeplace,FY2023-24,330000.0,991.8,easement,Upper Savannah Land Trust,1,True
483,Cracker Farms,FY2023-24,170000.0,63.58,easement,Nation Ford Land Trust,1,True
484,Thrailkill Farm,FY2024-25,1600000.0,1063.06,easement,SC Farm Bureau Land Trust,1,True
485,Eastatoee Ridge on Scenic Highway 11,FY2024-25,935000.0,106.82,fee simple,Naturaland Trust,1,True
486,Camp Awanita,FY2024-25,950000.0,483.99,easement,The Nature Conservancy,1,True
487,Keowee Ridge,FY2024-25,130000.0,66.93,easement,Upstate Forever,1,True
488,Joanna Park Tract,FY2024-25,700000.0,334.9,fee simple,The Nature Conservancy,1,True
489,McCannon Farms,FY2024-25,370000.0,178.79,easement,SC Farm Bureau Land Trust,1,True
490,Four Leaf Farm,FY2024-25,250000.0,170.27,easement,Spartanburg Area Conservancy,1,True
491,Black River SP - Mingo Creek,FY2024-25,244378.0,664.32,fee simple,Open Space Institute,1,True
492,Morrow Creek Timbers Addition,FY2024-25,65000.0,236.9,easement,Upstate Forever,1,True
493,Horse Gap Forest,FY2024-25,105000.0,69.6,easement,Upstate Forever,1,True
494,Ginia's Farm,FY2024-25,56000.0,98.73,easement,Pee Dee Land Trust,1,True
495,Travelers Rest Bunched Arrowhead Preserve,FY2024-25,375000.0,24.73,fee simple,Naturaland Trust,1,True
496,Dogwood Hill Farm,FY2024-25,400000.0,182.29,easement,SC Farm Bureau Land Trust,1,True
497,Store Creek Park,FY2024-25,110000.0,1.67,fee simple,Edisto Island Open Land Trust,1,True
498,Snow's Island Addition,FY2024-25,5229080.0,2584.26,fee simple,Open Space Institute,1,True
499,Snow's Island,FY2024-25,14400000.0,5178.93,fee simple,Open Space Institute,1,True
500,Horsepen Creek I,FY2024-25,165000.0,46.0,easement,Upstate Forever,1,True
501,Waites - Becky Work,FY2024-25,8000000.0,115.0,fee simple,Open Space Institute,1,True
502,Old Blair Road (Lina Marston),FY2024-25,72000.0,131.0,easement,Upper Savannah Land Trust,1,True
503,McQueen Farm,FY2024-25,110000.0,246.0,easement,Pee Dee Land Trust,1,True
504,Stewart Tract,FY2024-25,86950.0,174.0,easement,Congaree Land Trust,1,True
505,AB Farms,FY2024-25,412500.0,126.0,easement,SC Farm Bureau Land Trust,1,True
506,Glassy Mountain Foothills - Scenic Highway 11,FY2024-25,2500000.0,365.0,fee simple,Naturaland Trust / SCPRT,1,True
507,Grayson Oaks,FY2024-25,600000.0,93.6,fee simple,Lowcountry Land Trust,1,True
508,Broad River Preserve,FY2024-25,760000.0,1040.78,easement,SC Farm Bureau Land Trust,1,True
509,Saluda Gorge - Phase II,FY2024-25,1000000.0,190.0,fee simple,Naturaland Trust,1,True
510,Fall Creek Headwaters,FY2024-25,115000.0,108.25,easement,Upstate Forever,1,True
511,Watson Farm,FY2024-25,565000.0,358.73,easement,SC Farm Bureau Land Trust,1,True
512,McClain Farm,FY2024-25,187600.0,72.46,easement,SC Farm Bureau Land Trust,1,True
513,Jackson Farms Cash Tracts,FY2024-25,500000.0,588.0,easement,Pee Dee Land Trust,1,True
514,Alcorn Timber,FY2024-25,135000.0,166.47,easement,SC Farm Bureau Land Trust,1,True
515,Essex Farms,FY2024-25,560000.0,898.55,easement,Open Land Trust,1,True
516,Sadler Farms,FY2024-25,325000.0,264.8,easement,Nation Ford Land Trust,1,True
517,Sam Dargan Tract,FY2024-25,20000.0,40.25,easement,Pee Dee Land Trust,1,True
518,Grimshaw Farm,FY2024-25,145000.0,122.61,easement,SC Farm Bureau Land Trust,1,True
519,Pipsissewa Passage - Paris Mountain,FY2024-25,2400000.0,65.42,fee simple,Naturaland Trust,1,True
520,Oconee Station Connector,FY2024-25,122500.0,63.97,easement,Upstate Forever,1,True
521,Burch's Mill,FY2024-25,1250000.0,374.64,fee simple,Florence County,1,True
522,Red Top Park,FY2024-25,100000.0,5.96,fee simple,Lowcountry Land Trust,1,True
523,Price Family Farm,FY2024-25,205000.0,199.17,easement,Nation Ford Land Trust,1,True
524,Scrambler's Knob Horse Farm,FY2024-25,160000.0,57.98,easement,SC Farm Bureau Land Trust,1,True
525,Black River SP - Browns Ferry,FY2024-25,498000.0,311.31,fee simple,Open Space Institute / SCPRT,1,True
526,Hodge Tract,FY2024-25,39600.0,89.39,easement,Congaree Land Trust,1,True
527,Beech Hill,FY2024-25,3350000.0,1637.6,fee simple,Open Space Institute,1,True
528,Young's Farm,FY2024-25,100000.0,224.72,easement,Lowcountry Land Trust,1,True
529,Willow Oak,FY2024-25,830000.0,13.07,fee simple,Lowcountry Land Trust,1,True
530,Rivers Farm 2,FY2024-25,410000.0,347.78,easement,SC Farm Bureau Land Trust,1,True
531,Rivers Farm 1,FY2024-25,885000.0,668.97,easement,SC Farm Bureau Land Trust,1,True
532,Burrows Farm 1,FY2024-25,288000.0,284.3,easement,SC Farm Bureau Land Trust,1,True
533,Burrows Farm 2,FY2024-25,248000.0,296.0,easement,SC Farm Bureau Land Trust,1,True
534,Harrison Farm,FY2024-25,215000.0,106.71,easement,SC Farm Bureau Land Trust,1,True
535,Battle of Hobkirk Hill - SC Liberty Trail,FY2024-25,15000.0,0.35,fee simple,SC Battleground Preservation Trust,1,True
536,Saluda Grade Trail,FY2024-25,750000.0,373.71,fee simple,PAL: Play. Advocate. Live Well,0,False
537,Parris Family Farm,FY2024-25,630000.0,148.65,easement,SC Farm Bureau Land Trust,1,True
538,Alston Tract,FY2024-25,64350.0,174.46,easement,Congaree Land Trust,1,True
539,Black River SP - Cold Creek Acquisition,FY2024-25,221107.0,178.67,fee simple,Open Space Institute,1,True
540,Dean Acres,FY2024-25,112000.0,141.11,easement,Upper Savannah Land Trust,1,True
541,Caesars Headwaters,FY2025-26,820000.0,26.29,fee simple,Naturaland Trust,1,True
542,Coakley Chapel Park,FY2025-26,300000.0,6.46,fee simple,Lowcountry Land Trust,1,True
543,Lever Farms,FY2025-26,187500.0,115.74,easement,SC Farm Bureau Land Trust,1,True
544,Wilson Ridge Farm,FY2025-26,640000.0,424.12,easement,SC Farm Bureau Land Trust,1,True
545,The Freeman-Anderson CE,FY2025-26,25000.0,5.41,easement,Conservancy of the Sea Islands,1,True
546,Broad River Conservation @Alston,FY2025-26,725000.0,109.33,fee simple,Palmetto Trail (AKA PCF),0,False
547,Cedar Hill Farm,FY2025-26,300000.0,312.9,easement,Spartanburg Area Conservancy,1,True
548,Pee Dee Basin RMS Initiative,FY2025-26,3300000.0,900.04,fee simple,SC Forestry Commission,1,True
549,Keller Tracks,FY2025-26,129100.0,271.79,easement,Congaree Land Trust,1,True
550,Ninety Six Creek,FY2025-26,78000.0,68.82,easement,Upstate Forever,1,True
551,Carolina Seafood Hwy 17,FY2025-26,150000.0,14.67,fee simple,Lowcountry Land Trust,1,True
552,North Widgeon,FY2025-26,250000.0,8.99,fee simple,Open Land Trust,0,False
553,Stevenson Century Farm,FY2025-26,200000.0,132.8,easement,Upstate Forever,1,True
554,Maxcy Farm Nature Preserve,FY2025-26,400000.0,51.73,fee simple,Edisto Island Open Land Trust,1,True
555,The Knight Tract,FY2025-26,800000.0,266.16,fee simple,Lowcountry Land Trust,0,False
556,Pipsissewa Passage - II,FY2025-26,350000.0,15.46,fee simple,Naturaland Trust,1,True
557,Pipsissewa Passage - III,FY2025-26,150000.0,7.85,fee simple,Naturaland Trust,1,True
558,Keese Family Farm,FY2025-26,812000.0,556.68,easement,SC Farm Bureau Land Trust,1,True
559,Broad Arrow Landing,FY2025-26,800000.0,903.61,easement,Ducks Unlimited,1,True
560,Maxcy Farm Conservation Easement,FY2025-26,185000.0,48.23,easement,Edisto Island Open Land Trust,1,True
561,Gillian Farms - J.Paul Rd,FY2025-26,95000.0,42.33,easement,Upper Savannah Land Trust,1,True
562,Gillian Farms - Bodie Rd,FY2025-26,256000.0,170.66,easement,Upper Savannah Land Trust,1,True
563,Duck Creek - Saluda Bluffs,FY2025-26,400000.0,28.0,fee simple,Naturaland Trust,2,True
564,Cattails Tree Farm Extension,FY2025-26,176000.0,263.66,easement,Pee Dee Land Trust,1,True
565,LeMaster Grain and Cattle,FY2025-26,860000.0,379.08,easement,SC Farm Bureau Land Trust,1,True
566,Moore Farm at Horsepen Creek,FY2025-26,780000.0,110.8,easement,Upstate Forever,1,True
567,Blessing,FY2025-26,7400000.0,627.75,fee simple,Open Space Institute,1,True
568,Pocotaligo Station,FY2025-26,4597600.0,1742.33,fee simple,Open Space Institute,1,True
569,Evergreen LLC - Little Lynches River Tract,FY2025-26,138450.0,150.82,easement,Pee Dee Land Trust,1,True
570,Ashley River - Barry Tract,FY2025-26,100000.0,67.02,fee simple,Lowcountry Land Trust,1,True
571,Red Fern,FY2025-26,264000.0,302.02,easement,Pee Dee Land Trust,1,True
572,Mayadinya-in-the-Pines Conservation Easement,FY2025-26,34825.0,76.12,easement,Aiken Land Conservancy,1,True
573,Beneventum,FY2025-26,342000.0,190.0,easement,Pee Dee Land Trust,1,True
574,Echols Farm,FY2025-26,175000.0,72.61,easement,Upstate Forever,1,True
575,RML Timber,FY2025-26,872625.0,1219.03,easement,Upstate Forever,1,True
576,Jeffers Tract,FY2025-26,20000.0,36.0,easement,Pee Dee Land Trust,1,True
577,Sellers Tract,FY2025-26,20500.0,222.0,easement,Pee Dee Land Trust,1,True
578,The Pond Conservation Easement,FY2025-26,16500.0,30.0,easement,Aiken Land Conservancy,1,True
579,Meadow Woods Farm,FY2025-26,160000.0,124.0,easement,Spartanburg Area Conservancy,1,True
580,Eidson Family Timberland,FY2025-26,175000.0,695.0,easement,Upper Savannah Land Trust,1,True
581,AM-PM Farms,FY2025-26,1500000.0,419.0,easement,SC Farm Bureau Land Trust,1,True
582,H and H Farm,FY2025-26,444000.0,534.0,easement,Open Land Trust,1,True
583,Duck Ponds,FY2025-26,16000000.0,8460.0,fee simple,Open Space Institute,1,True
584,Mims Farm,FY2025-26,475000.0,341.0,easement,SC Farm Bureau Land Trust,1,True
585,Tindal Farm - Georges & Roberts,FY2025-26,200000.0,165.0,easement,Lord Berkeley Conservation Trust,1,True
586,Tindal Farm - Mooneyham,FY2025-26,230000.0,179.0,easement,Lord Berkeley Conservation Trust,1,True
587,Walnut Grove Plantation,FY2025-26,1305500.0,779.0,easement,Lord Berkeley Conservation Trust,1,True
588,Edisto Island Museum,FY2025-26,40000.0,10.0,easement,Edisto Island Open Land Trust,1,True
589,Duck Haven,FY2025-26,250000.0,147.0,easement,Upstate Forever,1,True
590,Betsy Kerrison Nature Trail Phase V,FY2025-26,600000.0,11.0,fee simple,Conservancy of the Sea Islands,1,True
591,Big Garvin Creek Farm,FY2025-26,317000.0,253.0,easement,Upstate Forever,1,True
592,Oscar's Place,FY2025-26,80000.0,50.0,easement,Lowcountry Land Trust,1,True
593,Kidd Family Farm,FY2025-26,264100.0,296.0,easement,Katawba Valley Land Trust,1,True
594,Boyd Pond Park Addition,FY2025-26,220000.0,25.0,fee simple,Aiken Land Conservancy,0,False
595,Whiten Farms,FY2025-26,375000.0,156.0,easement,SC Farm Bureau Land Trust,0,False
596,KAFA Lynches River Tract,FY2025-26,35250.0,130.0,easement,Congaree Land Trust,1,True
597,Thomason Farm,FY2025-26,378000.0,219.0,easement,Upstate Forever,1,True
598,Back Swamp,FY2025-26,216000.0,420.0,easement,Congaree Land Trust,1,True
599,Shelton Wood,FY2025-26,94500.0,219.0,easement,Congaree Land Trust,1,True
600,Bradley Property,FY2025-26,91200.0,43.0,easement,Katawba Valley Land Trust,1,True
601,Reedy Cove at Twin Falls,FY2025-26,20000.0,3.0,fee simple,Naturaland Trust / Pickens County,1,True
602,Santuc Farm,FY2025-26,340800.0,387.0,easement,Upstate Forever,1,True
603,Felker Farm,FY2025-26,225000.0,248.0,easement,Private,0,False
604,Terry Creek Confluence,FY2025-26,30000.0,4.0,fee simple,Naturaland Trust (DNR trout stocking area),1,True
605,Piedmont River Park,FY2025-26,33000.0,6.0,fee simple,Naturaland Trust / Piedmont Public Service District,0,False
606,Long Branch Conservation,FY2025-26,100000.0,17.0,fee simple,City of Greenville,0,False
607,Little Rock Mountain,FY2025-26,256400.0,53.0,fee simple,Naturaland Trust,1,True
608,Table Rock State Park - Hutto Tract,FY2025-26,78000.0,5.0,fee simple,SCPRT,1,True
609,Kirkwood Farm,FY2025-26,264618.0,373.0,easement,Pee Dee Land Trust,1,True
610,Jamari at Hanging Rock,FY2025-26,522500.0,160.0,fee simple,American Battlefield Trust,0,False
611,Keadle Bridge Addition,FY2025-26,1378752.0,431.0,fee simple,Aiken Land Conservancy,1,True
612,Camden Battlefield,FY2004-05,341250.0,310.0,fee simple,Palmetto Conservation Foundation,2,True
613,Camden Battleground Trust,FY2007-08,106052.0,161.0,fee simple,Palmetto Conservation Foundation,2,True
614,McGovern Tract Conservation Easement,FY2025-26,31200.0,21.0,easement,Aiken Land Conservancy,1,True
615,Newground,FY2025-26,180000.0,58.0,easement,Lowcountry Land Trust,1,True
616,Sky Ranche,FY2025-26,1105000.0,130.0,fee simple,Naturaland Trust,1,True
617,Altamont Pass,FY2025-26,1000000.0,88.0,fee simple,Naturaland Trust,0,False
618,Wheeler Farm,FY2025-26,744000.0,887.0,easement,SC Farm Bureau Land Trust,0,False
619,Utsey Tract,FY2025-26,500000.0,296.74,easement,Lowcountry Land Trust,1,True
620,Historic Store Creek Corner,FY2025-26,590000.0,3.0,fee simple,Edisto Island Open Land Trust,1,True
621,Frohlich Farm,FY2025-26,3465000.0,184.0,fee simple,Upstate Forever,1,True
622,Boones Creek Expansion,FY2025-26,20000.0,1.0,fee simple,Naturaland Trust,1,True
623,Tokeena Angus,FY2025-26,160000.0,99.0,easement,SC Farm Bureau Land Trust,0,False
624,AC II,FY2025-26,610000.0,1129.0,easement,Lowcountry Land Trust,1,True
625,Montgomery Tract,FY2025-26,302000.0,312.0,easement,Lowcountry Land Trust,1,True
626,Flat Grove Farm,FY2025-26,223500.0,232.0,easement,Upper Savannah Land Trust,1,True
627,Forest View,FY2025-26,4850000.0,590.0,fee simple,Open Space Institute,1,True
628,Winkles Farm,FY2025-26,331578.0,330.0,easement,SC Farm Bureau Land Trust,0,False
629,River Oaks,FY2025-26,950000.0,699.0,fee simple,Open Space Institute,0,False
630,King Family Lynches Tract,FY2025-26,305000.0,546.0,easement,Pee Dee Land Trust,1,True
631,Blue Heron LLC - Liberty Hill WMA Addition,FY2025-26,6566000.0,2006.0,fee simple,The Conservation Fund,0,False
632,Ulmer Farms 1,FY2026-27,165830.0,321.0,easement,SC Farm Bureau Land Trust,0,False
633,Ulmer Farms 2,FY2026-27,148000.0,205.0,easement,SC Farm Bureau Land Trust,0,False
634,Tindal Farm - Hodges Corner,FY2026-27,200000.0,156.0,easement,Lord Berkeley Conservation Trust,0,False
635,Tindal Farm - Home Place,FY2026-27,510000.0,412.0,easement,Lord Berkeley Conservation Trust,0,False
636,Gramling and Gramling Farm,FY2026-27,1873530.0,816.0,easement,SC Farm Bureau Land Trust,0,False
637,Shealy Farms,FY2026-27,60000.0,60.0,easement,Aiken Land Conservancy,0,False
638,Chelsea,FY2026-27,1500000.0,2672.0,easement,Open Land Trust,1,True
639,Glassy Summit,FY2026-27,814000.0,183.0,fee simple,Naturaland Trust,1,True
640,Boones Falls,FY2026-27,1870250.0,153.0,fee simple,Naturaland Trust,0,False
641,Old Schoolhouse Farm,FY2026-27,216000.0,193.0,easement,Congaree Land Trust,0,False
642,Chick-A-Moo Farm 1,FY2026-27,257500.0,97.0,easement,SC Farm Bureau Land Trust,0,False
643,Mountain Bridge East,FY2026-27,400000.0,38.0,fee simple,Naturaland Trust,1,True
644,Goodwill,FY2026-27,12600000.0,737.0,fee simple,The Conservation Fund,0,False
645,Hiott Farms,FY2026-27,285000.0,548.0,easement,Lowcountry Land Trust,0,False
646,Vaught Tract II,FY2026-27,205000.0,303.0,easement,Pee Dee Land Trust,0,False
647,Humbert Woods Nature Preserve,FY2026-27,700000.0,97.0,fee simple,Lowcountry Land Trust,0,False
648,Wentzky Farm,FY2026-27,146000.0,52.0,easement,SC Farm Bureau Land Trust,0,False
649,Bates House,FY2026-27,400000.0,11.0,fee simple,Upstate Preservation Trust,0,False
650,McCoy Farm,FY2026-27,435000.0,1089.0,easement,Lowcountry Land Trust,0,False
651,Bishop Branch Farm,FY2026-27,280000.0,117.0,easement,SC Farm Bureau Land Trust,0,False
652,Peach Shed Grains,FY2026-27,178500.0,43.0,easement,Upstate Forever,0,False
653,Union of Brothers,FY2026-27,115200.0,302.0,easement,Upstate Forever,0,False
654,Milky Way Farms,FY2026-27,795000.0,177.0,easement,SC Farm Bureau Land Trust,0,False
655,Redding-Stone Farmstead Tracts,FY2026-27,100000.0,78.0,easement,Upper Savannah Land Trust,0,False
656,Buckwalter Conservation Project,FY2026-27,146660.0,239.0,fee simple,Town of Bluffton,0,False
657,Ryan - Wateree,FY2026-27,748600.0,471.0,fee simple,Open Space Institute Land Trust,0,False
658,Des Francs - Wateree,FY2026-27,12377318.0,4854.0,fee simple,Open Space Institute Land Trust,1,True
659,Beech Creek - Wateree,FY2026-27,9822000.0,3592.0,fee simple,Open Space Institute Land Trust,2,True
