report_year,page,recipient_pdf,acres_pdf,county_pdf,award_pdf
2023,18,City of Clemson,4.0,Pickens,162500.0
2023,18,Upstate Forever,65.0,Anderson,145800.0
2023,18,Upstate Forever,50.0,Greenville,137500.0
2023,18,Naturaland Trust,24.0,Greenville,160000.0
2023,19,SC Battleground Preservation Trust,30.0,Laurens,80000.0
2023,19,Spartanburg Area Conservancy,16.0,Spartanburg,785000.0
2023,19,Upstate Forever,27.0,Pickens,45000.0
2023,19,Naturaland Trust,166.0,Pickens,500000.0
2023,20,Pendleton Historic Foundation,9.0,Anderson,20000.0
2023,20,Upstate Forever,6.0,Pickens,20000.0
2023,20,Naturaland Trust,235.0,Pickens,400000.0
2023,20,Upstate Forever,92.0,Spartanburg,150000.0
2023,20,Naturaland Trust,27.0,Greenville,160000.0
2023,20,Upstate Forever,70.0,Greenville,275000.0
2023,20,Naturaland Trust,150.0,Greenville,750000.0
2023,21,Naturaland Trust,159.0,Pickens,350000.0
2023,21,Nation Ford Land Trust,46.0,York,110000.0
2023,21,Open Space Institute,576.0,Lexington,7000000.0
2023,21,Edgefield County Historical Society,1.0,Edgefield,27565.0
2023,21,Naturaland Trust,32.0,Greenville,300000.0
2023,21,ngered Bunched Arrowhead plants and Katawba Valley Land Trust,1010.0,Kershaw,500000.0
2023,21,Open Space Institute,535.0,Williamsburg,1250000.0
2023,21,tect the scenic vistas for future park Aiken Land Conservancy,601.0,Aiken,350000.0
2023,21,The Nature Conservancy,143.0,Williamsburg,300000.0
2023,21,"ty expands the Black River State Park, Nation Ford Land Trust",110.0,York,125000.0
2023,21,SC Battleground Preservation Trust,4.0,Orangeburg,124000.0
2023,21,core of the Revolutionary War Battle of Eutaw Ducks Unlimited,400.0,Calhoun,400000.0
2023,22,Pee Dee Land Trust,626.0,Williamsburg,385000.0
2023,22,Upper Savannah Land Trust,288.0,Saluda,175000.0
2023,22,the Ninety-Six National Historic Site. The Nature Conservancy,1742.0,Colleton,215000.0
2023,22,Katawba Valley Land Trust,178.0,Chester,78050.0
2023,22,space of this agricultural community. The Nature Conservancy,163.0,Georgetown,1200000.0
2023,22,Open Space Institute,498.0,Florence,650000.0
2023,22,Open Space Institute,180.0,Charleston,1200000.0
2023,22,Open Land Trust,2065.0,Hampton,850000.0
2023,22,Congaree Land Trust,137.0,Lee,173000.0
2023,22,des a scenic buffer along the river and Lowcountry Land Trust,654.0,Colleton,250000.0
2023,22,Pee Dee Land Trust,563.0,Marlboro,250000.0
2023,23,recognized as one of the most pristine Lowcountry Land Trust,90.0,Charleston,500000.0
2023,23,Open Space Institute,232.0,Beaufort,3000000.0
2023,23,"reation opportunities, including fishing Open Space Institute",10.0,Georgetown,60000.0
2023,23,Lord Berkeley Conservation Trust,343.0,Berkeley,130757.0
2023,23,The Nature Conservancy,1743.0,Georgetown,645000.0
2023,23,Open Space Institute,2115.0,Georgetown,649000.0
2023,23,e Swamp fronts on 2.75 miles along the Santee River and SCDNR,3507.0,Jasper,1000000.0
2023,23,Lord Berkeley Conservation Trust,234.0,Berkeley,266535.0
2023,23,ne mile of the East Branch of the Cooper Open Space Institute,259.0,Horry,4000000.0
2023,23,SCDNR,349.0,Horry,300000.0
2024,18,Naturaland Trust,573.0,Pickens,2145610.0
2024,18,Naturaland Trust,4.0,Pickens,20000.0
2024,18,hardwood forests. Upstate Preservation Trust,52.0,Greenville,602500.0
2024,18,Naturaland Trust,82.0,Anderson,1200000.0
2024,18,nown as the Clemson Experimental Forest. The Naturaland Trust,20.0,Greenville,375000.0
2024,18,Town of Pendleton,13.0,Anderson,165000.0
2024,18,Upstate Forever,60.0,Greenville,143000.0
2024,18,Upstate Forever,101.0,Greenville,170000.0
2024,18,Upstate Forever,32.0,Greenville,76500.0
2024,18,The Nature Conservancy,294.0,Greenville,700000.0
2024,18,Upstate Forever,79.0,Pickens,106500.0
2024,18,Naturaland Trust,1090.0,Pickens,9000000.0
2024,18,Naturaland Trust,23.0,Pickens,290000.0
2024,19,Upper Savannah Land Trust,992.0,McCormick,330000.0
2024,19,Nation Ford Land Trust,381.0,York,400000.0
2024,19,Upper Savannah Land Trust,76.0,Abbeville,50000.0
2024,19,wright-Drake Homestead protects the Upper Savannah Land Trust,61.0,Aiken,81000.0
2024,19,Naturaland Trust,219.0,Greenville,1310000.0
2024,19,otected land in the Saluda SC Battleground Preservation Trust,1.0,Kershaw,123500.0
2024,19,Upstate Forever,22.0,Pickens,77000.0
2024,19,Upstate Forever,92.0,Cherokee,156000.0
2024,19,Spartanburg Area Conservancy,946.0,Spartanburg,23000000.0
2024,19,ccess to Lawson’s Fork Creek. Open Space Institute Land Trust,596.0,Lancaster,3800000.0
2024,19,Oconee SWCD,53.0,Oconee,85000.0
2024,19,Pee Dee Land Trust,346.0,Marion,100000.0
2024,19,SC Farm Bureau Land Trust,65.0,Chester,90000.0
2024,20,Nation Ford Land Trust,64.0,York,170000.0
2024,20,Congaree Land Trust,308.0,Fairfield,103850.0
2024,20,Naturaland Trust,61.0,Sumter,80000.0
2024,20,Open Space Institute Land Trust,97.0,Lancaster,195000.0
2024,20,Congaree Land Trust,590.0,Lee,150000.0
2024,21,Pee Dee Land Trust,129.0,Florence,40000.0
2024,21,SC Farm Bureau Land Trust,373.0,Chester,215000.0
2024,21,Congaree Land Trust,1081.0,Chester,573100.0
2024,21,Open Space Institute Land Trust,48.0,York,1700000.0
2024,21,Aiken Land Conservancy,302.0,Aiken,1090000.0
2024,21,Pee Dee Land Trust,383.0,Williamsburg,150000.0
2024,21,Aiken Land Conservancy,2658.0,Aiken,1900000.0
2024,22,Lowcountry Land Trust,4.0,Charleston,150000.0
2024,22,Pee Dee Land Trust,3708.0,Darlington,850000.0
2024,22,Open Land Trust,488.0,Beaufort,500000.0
2024,22,Open Space Institute Land Trust,1806.0,Georgetown,5800000.0
2024,22,City of Charleston,6.0,Charleston,100000.0
2024,22,ature-based solutions to manage water-related Town of Meggett,156.0,Charleston,2500000.0
2024,23,Lowcountry Land Trust,562.0,Colleton,175000.0
2024,23,The Nature Conservancy,1218.0,Hampton,300000.0
2024,23,Open Space Institute Land Trust,446.0,Charleston,1000000.0
2024,23,e-based park that will feature a boardwalk Pee Dee Land Trust,137.0,Williamsburg,60000.0
2024,23,Open Space Institute Land Trust,25.0,Charleston,500000.0
2024,23,Dorchester County,103.0,Dorchester,1400000.0
2024,23,Berkeley County (via Lord Berkeley),115.0,Berkeley,8000000.0
2024,23,Pee Dee Land Trust,79.0,Georgetown,40000.0
2024,23,Open Space Institute Land Trust,2248.0,Georgetown,1950000.0
2024,23,Lowcountry Land Trust,109.0,Georgetown,75000.0
2025,12,SC Farm Bureau Land Trust,182.0,Anderson,400000.0
2025,12,SC Farm Bureau Land Trust,126.0,Anderson,412500.0
2025,12,SC Farm Bureau Land Trust,1041.0,Union,760000.0
2025,12,t fronts on 1.4 miles of the Broad River and Naturaland Trust,107.0,Pickens,935000.0
2025,12,Upstate Forever,108.0,Oconee,115000.0
2025,12,Spartanburg Area Conservancy,170.0,Union,250000.0
2025,12,The Nature Conservancy,484.0,Greenville,950000.0
2025,12,nville. Its protection will help ensure that Naturaland Trust,365.0,Greenville,2500000.0
2025,12,Upper Savannah Land Trust,141.0,Greenwood,112000.0
2025,12,SC Farm Bureau Land Trust,123.0,Laurens,145000.0
2025,13,Upstate Forever,67.0,Pickens,130000.0
2025,13,SC Farm Bureau Land Trust,107.0,Greenville,215000.0
2025,13,and is in close proximity to other SC Farm Bureau Land Trust,179.0,Anderson,370000.0
2025,13,Upstate Forever,70.0,Pickens,105000.0
2025,13,SC Farm Bureau Land Trust,72.0,Anderson,187600.0
2025,13,Upstate Forever,46.0,Greenville,165000.0
2025,13,The Nature Conservancy,335.0,Laurens,700000.0
2025,13,Upstate Forever,237.0,Abbeville,65000.0
2025,14,Upstate Forever,64.0,Oconee,122500.0
2025,14,SC Farm Bureau Land Trust,149.0,Spartanburg,630000.0
2025,14,Naturaland Trust,65.0,Greenville,2400000.0
2025,15,Naturaland Trust,190.0,Greenville,1000000.0
2025,16,Nation Ford Land Trust,199.0,York,205000.0
2025,16,Naturaland Trust,25.0,Greenville,375000.0
2025,16,Nation Ford Land Trust,265.0,York,325000.0
2025,16,Pee Dee Land Trust,40.0,Darlington,20000.0
2025,16,SC Battleground Preservation Trust,0.35,Kershaw,15000.0
2025,16,Florence County,375.0,Florence,1250000.0
2025,16,Pee Dee Land Trust,582.0,Chesterfield,500000.0
2025,16,field County comprise diverse Open Space Institute Land Trust,2584.0,Florence,5229080.0
2025,16,Pee Dee Land Trust,246.0,Marlboro,110000.0
2025,17,Congaree Land Trust,174.0,Fairfield,86950.0
2025,17,Congaree Land Trust,174.0,Fairfield,86950.0
2025,17,SC Farm Bureau Land Trust,166.0,Newberry,135000.0
2025,17,SC Farm Bureau Land Trust,1063.0,Chester,1600000.0
2025,17,Creek. It remains an active agricultural Congaree Land Trust,174.0,Sumter,64350.0
2025,17,SC Farm Bureau Land Trust,284.0,Sumter,288000.0
2025,17,SC Farm Bureau Land Trust,296.0,Sumter,248000.0
2025,17,Congaree Land Trust,89.0,Clarendon,39600.0
2025,17,SC Farm Bureau Land Trust,359.0,Chester,565000.0
2025,18,Open Land Trust,899.0,Beaufort,560000.0
2025,18,Upper Savannah Land Trust,131.0,Newberry,72000.0
2025,18,SC Farm Bureau Land Trust,348.0,Sumter,410000.0
2025,18,Pee Dee Land Trust,99.0,Georgetown,56000.0
2025,18,Open Space Institute Land Trust,1638.0,Dorchester,3350000.0
2025,18,Lowcountry Land Trust,94.0,Charleston,600000.0
2025,18,Open Space Institute,179.0,Georgetown,221107.0
2025,18,Lowcountry Land Trust,6.0,Charleston,100000.0
2025,19,Open Space Institute Land Trust,115.0,Horry,8000000.0
2025,19,SC Farm Bureau Land Trust,58.0,Charleston,160000.0
2025,19,"er, and equestrian facilities, the farm Lowcountry Land Trust",13.0,Charleston,830000.0
2025,19,Edisto Island Open Land Trust,2.0,Charleston,110000.0
