nlcd_code,habitat,habitat_group,total_acres,protected_acres,coverage_pct,unprotected_acres
42,evergreen forest,forest,4811600.725990708,1015462.1936309988,21.1,3796138.532359709
90,woody wetlands,wetland,3946843.508356438,1013965.9211251388,25.7,2932877.5872312994
82,cultivated crops,agriculture,1787765.8717897783,65088.52118943907,3.6,1722677.3506003392
41,deciduous forest,forest,1581232.228694944,250735.73017899017,15.9,1330496.4985159538
81,hay/pasture,agriculture,1266601.3480557725,44091.779241868855,3.5,1222509.5688139035
11,open water,water,1264441.449337444,135178.25761546838,10.7,1129263.1917219756
21,"developed, open space",developed,1197888.680499583,78587.88817899031,6.6,1119300.7923205928
43,mixed forest,forest,1102623.4030199924,168534.59298057255,15.3,934088.81003942
52,shrub/scrub,shrub & grass,859028.9936548651,95871.08103279569,11.2,763157.9126220694
71,herbaceous,shrub & grass,841254.0858024783,97964.70608781435,11.6,743289.3797146638
22,"developed, low",developed,700890.4700201503,22951.815015200275,3.3,677938.65500495
95,emergent herbaceous wetlands,wetland,670679.9097138138,256076.0975516441,38.2,414603.8121621697
23,"developed, medium",developed,303571.62987053243,11278.53208415324,3.7,292293.0977863792
24,"developed, high",developed,104798.01004367849,3941.059018481673,3.8,100856.95102519682
31,barren,barren,49037.61816247232,6324.019764660282,12.9,42713.59839781204
