county,habitat,habitat_group,total_acres,protected_acres,coverage_pct
YORK,open water,water,9243.619267771131,275.1024211873951,3.0
YORK,"developed, open space",developed,43481.30539695422,1198.4858106538986,2.8
YORK,"developed, low",developed,26352.8993540999,363.1707791422929,1.4
YORK,"developed, medium",developed,12648.484319007204,134.32648536555106,1.1
YORK,"developed, high",developed,4896.467265386321,23.79624823528802,0.5
YORK,barren,barren,788.1673247276705,6.671845299613464,0.8
YORK,deciduous forest,forest,92881.42715403889,13343.023414696963,14.4
YORK,evergreen forest,forest,68899.7016194216,4973.193486331876,7.2
YORK,mixed forest,forest,74230.28361896944,4851.543507035591,6.5
YORK,shrub/scrub,shrub & grass,13789.814654927748,530.4117013192704,3.8
YORK,herbaceous,shrub & grass,11349.920828859103,298.45387973604227,2.6
YORK,hay/pasture,agriculture,76704.64864575275,2820.4114029899315,3.7
YORK,cultivated crops,agriculture,5201.148200735336,272.65607791087024,5.2
YORK,woody wetlands,wetland,4356.270190960951,349.82708854306594,8.0
YORK,emergent herbaceous wetlands,wetland,470.58748846606966,47.14770678393514,10.0
CLARENDON,open water,water,51973.45248914556,5732.894271114529,11.0
CLARENDON,"developed, open space",developed,18890.66278132556,1130.4329885978411,6.0
CLARENDON,"developed, low",developed,7156.888452895362,123.65153288616952,1.7
CLARENDON,"developed, medium",developed,1989.5442683447347,31.13527806486283,1.6
CLARENDON,"developed, high",developed,365.39472757549737,2.446343276524937,0.7
CLARENDON,barren,barren,134.10409052223062,27.57696057173565,20.6
CLARENDON,deciduous forest,forest,4236.621765254549,284.66539945017445,6.7
CLARENDON,evergreen forest,forest,68475.81704805282,6585.77849524845,9.6
CLARENDON,mixed forest,forest,1802.5102051122371,146.11341206153486,8.1
CLARENDON,shrub/scrub,shrub & grass,17597.659162260472,1976.6453674321488,11.2
CLARENDON,herbaceous,shrub & grass,9215.152727826116,780.3835052114548,8.5
CLARENDON,hay/pasture,agriculture,6549.305740943896,547.3137094116245,8.4
CLARENDON,cultivated crops,agriculture,111298.16652424856,5649.718599712681,5.1
CLARENDON,woody wetlands,wetland,137037.70090047066,34942.01059797895,25.5
CLARENDON,emergent herbaceous wetlands,wetland,8510.383469343613,1859.220890158952,21.8
SUMTER,open water,water,3973.751060449779,1912.81804739918,48.1
SUMTER,"developed, open space",developed,27550.940375067155,2795.947970224682,10.1
SUMTER,"developed, low",developed,15680.838007681525,1045.2557636061092,6.7
SUMTER,"developed, medium",developed,6296.665198931866,894.2496649915246,14.2
SUMTER,"developed, high",developed,1910.371704122655,369.8426244419063,19.4
SUMTER,barren,barren,349.1599040131046,49.59405006046008,14.2
SUMTER,deciduous forest,forest,3043.028641153701,505.72587371070057,16.6
SUMTER,evergreen forest,forest,66718.008206448,20133.84995548687,30.2
SUMTER,mixed forest,forest,6418.982362758114,882.2403434522204,13.7
SUMTER,shrub/scrub,shrub & grass,14286.199945218988,3450.2335992734425,24.2
SUMTER,herbaceous,shrub & grass,10686.961800920846,2730.7862811317905,25.6
SUMTER,hay/pasture,agriculture,8367.828374775207,650.0601270256718,7.8
SUMTER,cultivated crops,agriculture,100008.51469792928,10450.111292784568,10.4
SUMTER,woody wetlands,wetland,161546.72460860072,54698.2341095077,33.9
SUMTER,emergent herbaceous wetlands,wetland,9682.84908332902,3064.378546112464,31.6
LEE,open water,water,753.9185188563214,40.03107179768078,5.3
LEE,"developed, open space",developed,10262.85483470875,432.78036510159336,4.2
LEE,"developed, low",developed,5280.543159800736,122.09476898292638,2.3
LEE,"developed, medium",developed,1191.1467808243235,21.57229980208353,1.8
LEE,"developed, high",developed,205.4928352280947,1.7791587465635903,0.9
LEE,barren,barren,266.42902229789763,0.0,0.0
LEE,deciduous forest,forest,2504.8331203182147,65.38408393621194,2.6
LEE,evergreen forest,forest,37206.43489266776,3238.068918745734,8.7
LEE,mixed forest,forest,4958.070636986085,169.24247576686153,3.4
LEE,shrub/scrub,shrub & grass,12496.366246176018,842.43166649786,6.7
LEE,herbaceous,shrub & grass,14154.542197973284,548.6480784715471,3.9
LEE,hay/pasture,agriculture,4037.133590796107,70.94395501922317,1.8
LEE,cultivated crops,agriculture,96813.59037878772,3895.912865287622,4.0
LEE,woody wetlands,wetland,69363.61726258806,8026.452290278317,11.6
LEE,emergent herbaceous wetlands,wetland,3703.5413258154335,354.7197750961158,9.6
WILLIAMSBURG,open water,water,2136.324864936231,380.07278723464697,17.8
WILLIAMSBURG,"developed, open space",developed,25477.77564563393,1398.1963799556615,5.5
WILLIAMSBURG,"developed, low",developed,5758.46967809638,147.44778112145755,2.6
WILLIAMSBURG,"developed, medium",developed,1881.6827693343173,32.91443681142642,1.7
WILLIAMSBURG,"developed, high",developed,418.9918848157256,4.003107179768078,1.0
WILLIAMSBURG,barren,barren,112.976580406788,9.1181885761384,8.1
WILLIAMSBURG,deciduous forest,forest,7419.0919731701715,665.1829763714624,9.0
WILLIAMSBURG,evergreen forest,forest,146379.17389930278,13453.99844151387,9.2
WILLIAMSBURG,mixed forest,forest,770.1533424187141,58.26744894995758,7.6
WILLIAMSBURG,shrub/scrub,shrub & grass,31991.27581680324,3214.939855040408,10.0
WILLIAMSBURG,herbaceous,shrub & grass,20876.648732177167,2953.6259141388805,14.1
WILLIAMSBURG,hay/pasture,agriculture,6744.56841337925,279.5503180538041,4.1
WILLIAMSBURG,cultivated crops,agriculture,105735.6267031175,2413.651234556831,2.3
WILLIAMSBURG,woody wetlands,wetland,227687.61819663216,38962.90936521267,17.1
WILLIAMSBURG,emergent herbaceous wetlands,wetland,16152.537470364196,2517.50962638748,15.6
FLORENCE,open water,water,4233.508237448064,321.3605485980485,7.6
FLORENCE,"developed, open space",developed,31928.78286583019,446.7912402307816,1.4
FLORENCE,"developed, low",developed,18483.2354283625,97.63133621767702,0.5
FLORENCE,"developed, medium",developed,8890.23386173494,57.60026441999624,0.6
FLORENCE,"developed, high",developed,3500.7172287071844,10.007767949420195,0.3
FLORENCE,barren,barren,117.86926695983786,0.0,0.0
FLORENCE,deciduous forest,forest,1902.5878846064395,23.79624823528802,1.3
FLORENCE,evergreen forest,forest,80199.80600337691,3296.1139728523717,4.1
FLORENCE,mixed forest,forest,624.2623252004997,12.89890091258603,2.1
FLORENCE,shrub/scrub,shrub & grass,14384.053676279987,334.2594495106345,2.3
FLORENCE,herbaceous,shrub & grass,9535.846091894204,681.862589620496,7.2
FLORENCE,hay/pasture,agriculture,2135.6576804062697,15.790033875751863,0.7
FLORENCE,cultivated crops,agriculture,135452.4704572825,589.5687296425098,0.4
FLORENCE,woody wetlands,wetland,191250.66946185316,18431.195035025517,9.6
FLORENCE,emergent herbaceous wetlands,wetland,12294.20933359773,860.0008591201755,7.0
DARLINGTON,open water,water,3466.913212522476,214.61102380423307,6.2
DARLINGTON,"developed, open space",developed,20863.08264673462,323.1397073446121,1.5
DARLINGTON,"developed, low",developed,12698.523158754306,81.39651265528425,0.6
DARLINGTON,"developed, medium",developed,4070.937606980815,59.37942316655983,1.5
DARLINGTON,"developed, high",developed,1502.0547717863112,12.454111225945132,0.8
DARLINGTON,barren,barren,218.61413098400115,6.227055612972566,2.8
DARLINGTON,deciduous forest,forest,2707.212427739823,66.94084783945509,2.5
DARLINGTON,evergreen forest,forest,45348.08771178607,3770.482173654889,8.3
DARLINGTON,mixed forest,forest,2529.5189479267847,80.95172296864335,3.2
DARLINGTON,shrub/scrub,shrub & grass,12239.055412454258,457.6885875534836,3.7
DARLINGTON,herbaceous,shrub & grass,10598.003863592668,370.9545986585086,3.5
DARLINGTON,hay/pasture,agriculture,2350.4910990538237,21.794694645403982,0.9
DARLINGTON,cultivated crops,agriculture,126992.79301221596,3823.634541208476,3.0
DARLINGTON,woody wetlands,wetland,108983.70338981264,15217.144759358387,14.0
DARLINGTON,emergent herbaceous wetlands,wetland,7822.738613796786,629.3774065968701,8.0
LANCASTER,open water,water,5255.857332192166,105.19276089057227,2.0
LANCASTER,"developed, open space",developed,23096.81645304521,445.67926601417935,1.9
LANCASTER,"developed, low",developed,11364.376493674932,66.27366330949374,0.6
LANCASTER,"developed, medium",developed,4863.552828574894,22.01708948872443,0.5
LANCASTER,"developed, high",developed,1246.5230968111157,2.891132963165834,0.2
LANCASTER,barren,barren,2248.8566556563783,5.782265926331668,0.3
LANCASTER,deciduous forest,forest,49362.09223887685,4643.38193368765,9.4
LANCASTER,evergreen forest,forest,100739.5265479236,7982.862900987509,7.9
LANCASTER,mixed forest,forest,66606.81078478777,4569.991635391903,6.9
LANCASTER,shrub/scrub,shrub & grass,17584.760261347885,414.5439879493165,2.4
LANCASTER,herbaceous,shrub & grass,19903.226502963564,569.1084040570285,2.9
LANCASTER,hay/pasture,agriculture,44729.83004735522,451.906321627152,1.0
LANCASTER,cultivated crops,agriculture,2628.0398635177435,81.6189074986047,3.1
LANCASTER,woody wetlands,wetland,5111.078289190554,656.5095774819648,12.8
LANCASTER,emergent herbaceous wetlands,wetland,218.61413098400115,10.452557636061092,4.8
CHESTERFIELD,open water,water,5244.515195182823,781.2730845847366,14.9
CHESTERFIELD,"developed, open space",developed,22456.096909438995,2834.1998832757995,12.6
CHESTERFIELD,"developed, low",developed,14718.0907309473,2449.456804331423,16.6
CHESTERFIELD,"developed, medium",developed,3288.552548179476,229.06668862006225,7.0
CHESTERFIELD,"developed, high",developed,781.2730845847366,11.342137009342888,1.5
CHESTERFIELD,barren,barren,3002.107989982738,188.813221979061,6.3
CHESTERFIELD,deciduous forest,forest,19267.62204075372,921.6042307199398,4.8
CHESTERFIELD,evergreen forest,forest,149395.0703695714,63998.78645716887,42.8
CHESTERFIELD,mixed forest,forest,32281.056297649782,2652.9480859696337,8.2
CHESTERFIELD,shrub/scrub,shrub & grass,34651.340537759126,5113.079842780438,14.8
CHESTERFIELD,herbaceous,shrub & grass,63292.90522446977,13321.673509738202,21.0
CHESTERFIELD,hay/pasture,agriculture,37022.06956755511,1446.6784557995193,3.9
CHESTERFIELD,cultivated crops,agriculture,40768.97788781803,1835.869431610305,4.5
CHESTERFIELD,woody wetlands,wetland,84928.80995174295,18218.140775124524,21.5
CHESTERFIELD,emergent herbaceous wetlands,wetland,4516.172083308354,384.9654737876969,8.5
MARLBORO,open water,water,3658.172777778062,436.3386825947205,11.9
MARLBORO,"developed, open space",developed,12907.574311475528,470.1426987794287,3.6
MARLBORO,"developed, low",developed,6456.567091279269,155.0092057943528,2.4
MARLBORO,"developed, medium",developed,1907.0357814728484,30.91288322154238,1.6
MARLBORO,"developed, high",developed,489.2686553049873,0.8895793732817951,0.2
MARLBORO,barren,barren,472.1442523693128,1.7791587465635903,0.4
MARLBORO,deciduous forest,forest,3221.6117003400213,84.51004046177054,2.6
MARLBORO,evergreen forest,forest,51580.25840615501,2742.795602671095,5.3
MARLBORO,mixed forest,forest,2379.1800338421613,89.18033217149997,3.7
MARLBORO,shrub/scrub,shrub & grass,12384.05685029919,374.7353109949562,3.0
MARLBORO,herbaceous,shrub & grass,14013.09907762148,1318.8014208902614,9.4
MARLBORO,hay/pasture,agriculture,1184.4749355247102,11.342137009342888,1.0
MARLBORO,cultivated crops,agriculture,84117.95835299659,4119.197287981352,4.9
MARLBORO,woody wetlands,wetland,108263.1440974544,6517.058488662431,6.0
MARLBORO,emergent herbaceous wetlands,wetland,7660.390378172859,441.2313691477704,5.8
MARION,open water,water,3806.06534858616,739.2404591971717,19.4
MARION,"developed, open space",developed,16120.735007769372,1202.711312676987,7.5
MARION,"developed, low",developed,6087.169256524004,121.2051896096446,2.0
MARION,"developed, medium",developed,1938.615849224352,25.79780182517206,1.3
MARION,"developed, high",developed,504.1691098074574,5.782265926331668,1.1
MARION,barren,barren,171.68881904338647,0.6671845299613464,0.4
MARION,deciduous forest,forest,691.4255678832753,78.95016937875931,11.4
MARION,evergreen forest,forest,41567.375375338444,6558.646324363355,15.8
MARION,mixed forest,forest,115.86771336995382,6.449450456293015,5.6
MARION,shrub/scrub,shrub & grass,9029.23063881022,868.0070734797116,9.6
MARION,herbaceous,shrub & grass,7414.644076303763,959.856143771057,12.9
MARION,hay/pasture,agriculture,1677.7466980094655,92.73864966462716,5.5
MARION,cultivated crops,agriculture,60459.81731541057,1808.9596555685305,3.0
MARION,woody wetlands,wetland,157251.8353943962,51032.94469674338,32.5
MARION,emergent herbaceous wetlands,wetland,9485.584857303782,1427.9972889606015,15.1
DILLON,open water,water,1169.5744810222402,30.245698691581037,2.6
DILLON,"developed, open space",developed,12747.005234598164,120.09321539304234,0.9
DILLON,"developed, low",developed,6091.839548233733,33.359226498067315,0.5
DILLON,"developed, medium",developed,2005.1119073771663,19.57074621219949,1.0
DILLON,"developed, high",developed,700.5437564594137,1.3343690599226927,0.2
DILLON,barren,barren,28.244145101697,0.0,0.0
DILLON,deciduous forest,forest,495.050921231319,8.673398889497502,1.8
DILLON,evergreen forest,forest,33103.02763856216,831.0895294885171,2.5
DILLON,mixed forest,forest,209.2735475645423,2.446343276524937,1.2
DILLON,shrub/scrub,shrub & grass,7972.855133038089,29.800909004940134,0.4
DILLON,herbaceous,shrub & grass,5311.011253335638,259.7571769982842,4.9
DILLON,hay/pasture,agriculture,1195.5946776907326,14.67805965914962,1.2
DILLON,cultivated crops,agriculture,85426.75200593742,886.6882403186294,1.0
DILLON,woody wetlands,wetland,96770.00098949693,2425.4381612528146,2.5
DILLON,emergent herbaceous wetlands,wetland,7037.240027188961,160.569076877364,2.3
HORRY,open water,water,79568.42704319017,769.7085527320733,1.0
HORRY,"developed, open space",developed,53342.95993431289,1812.5179730616576,3.4
HORRY,"developed, low",developed,42913.97615164376,558.8782412642878,1.3
HORRY,"developed, medium",developed,27524.697783555344,358.9452771192043,1.3
HORRY,"developed, high",developed,6439.665083186915,54.93152630015085,0.9
HORRY,barren,barren,1809.8492349418125,196.8194363385972,10.9
HORRY,deciduous forest,forest,798.3974875204111,127.20985037929673,15.9
HORRY,evergreen forest,forest,91188.78000152692,5620.362480394382,6.2
HORRY,mixed forest,forest,1607.025137833563,192.59393431550865,12.0
HORRY,shrub/scrub,shrub & grass,17894.33388324995,937.3942645956917,5.2
HORRY,herbaceous,shrub & grass,15654.37302132639,1075.0566726110494,6.9
HORRY,hay/pasture,agriculture,2545.976166332497,90.2923063881022,3.5
HORRY,cultivated crops,agriculture,128877.14451967012,1441.563374403149,1.1
HORRY,woody wetlands,wetland,313638.11005858926,56126.89858299826,17.9
HORRY,emergent herbaceous wetlands,wetland,19266.95485622376,1919.267497855473,10.0
ALLENDALE,open water,water,1616.143326409701,165.68415827373434,10.3
ALLENDALE,"developed, open space",developed,7901.688783175546,880.2387898623363,11.1
ALLENDALE,"developed, low",developed,3644.161902648874,155.4539954809937,4.3
ALLENDALE,"developed, medium",developed,955.8530365912889,11.342137009342888,1.2
ALLENDALE,"developed, high",developed,214.38862896091263,0.2223948433204488,0.1
ALLENDALE,barren,barren,7.783819516215708,1.111974216602244,14.3
ALLENDALE,deciduous forest,forest,4687.193717821779,1383.7407151398324,29.5
ALLENDALE,evergreen forest,forest,74919.70763326282,22630.009676915583,30.2
ALLENDALE,mixed forest,forest,830.4223449585558,241.96558953264827,29.1
ALLENDALE,shrub/scrub,shrub & grass,18035.77700360176,3862.9984284761954,21.4
ALLENDALE,herbaceous,shrub & grass,18247.05210475618,3532.297296458688,19.4
ALLENDALE,hay/pasture,agriculture,4644.493907904252,174.80234684987275,3.8
ALLENDALE,cultivated crops,agriculture,48986.91213819526,3000.106436392854,6.1
ALLENDALE,woody wetlands,wetland,73962.96501729825,25869.857754407883,35.0
ALLENDALE,emergent herbaceous wetlands,wetland,5290.995717436797,840.8749025946169,15.9
AIKEN,open water,water,5430.882073885359,642.9434920394175,11.8
AIKEN,"developed, open space",developed,41082.33222205655,1978.4245261787123,4.8
AIKEN,"developed, low",developed,29218.679305127203,1007.448640241633,3.4
AIKEN,"developed, medium",developed,10366.26843685276,916.4891493235694,8.8
AIKEN,"developed, high",developed,3089.064373721033,578.6713823198078,18.7
AIKEN,barren,barren,3403.5306821761483,510.8409551070709,15.0
AIKEN,deciduous forest,forest,41871.83391584414,4065.822525584445,9.7
AIKEN,evergreen forest,forest,206130.4412438944,52609.94653072869,25.5
AIKEN,mixed forest,forest,10664.27752690216,1424.6613663107948,13.4
AIKEN,shrub/scrub,shrub & grass,68136.44251714581,6186.134961801604,9.1
AIKEN,herbaceous,shrub & grass,62009.01979398081,6538.853183307835,10.5
AIKEN,hay/pasture,agriculture,54445.81596233899,981.6508384164608,1.8
AIKEN,cultivated crops,agriculture,44067.538203946926,1813.4075524349396,4.1
AIKEN,woody wetlands,wetland,105805.01389423347,26626.22261654073,25.2
AIKEN,emergent herbaceous wetlands,wetland,5564.5413747209495,367.3962811653814,6.6
BARNWELL,open water,water,4113.859811741661,511.7305344803527,12.4
BARNWELL,"developed, open space",developed,13119.961386846557,2404.755440824013,18.3
BARNWELL,"developed, low",developed,6383.176792983521,950.7379551949184,14.9
BARNWELL,"developed, medium",developed,1987.7651095981712,603.8019996150184,30.4
BARNWELL,"developed, high",developed,792.1704319074386,383.6311047277742,48.4
BARNWELL,barren,barren,276.88157993395873,108.0838938537381,39.0
BARNWELL,deciduous forest,forest,10486.3616522458,3325.470092170671,31.7
BARNWELL,evergreen forest,forest,126721.69369820831,67879.13168342406,53.6
BARNWELL,mixed forest,forest,1386.854242946319,578.2265926331669,41.7
BARNWELL,shrub/scrub,shrub & grass,33881.18719534041,8980.081378436402,26.5
BARNWELL,herbaceous,shrub & grass,21188.0015128258,4806.61974868486,22.7
BARNWELL,hay/pasture,agriculture,7704.646951993628,203.93607132485155,2.6
BARNWELL,cultivated crops,agriculture,47612.28961163156,946.2900583285096,2.0
BARNWELL,woody wetlands,wetland,76213.6008317012,29781.115863884617,39.1
BARNWELL,emergent herbaceous wetlands,wetland,4789.050556062544,625.1519045737815,13.1
HAMPTON,open water,water,1368.3954709507211,452.7959010004337,33.1
HAMPTON,"developed, open space",developed,10574.430010200698,1071.9431448045632,10.1
HAMPTON,"developed, low",developed,6571.545225275941,216.1677877074762,3.3
HAMPTON,"developed, medium",developed,1456.0190392189782,24.463432765249365,1.7
HAMPTON,"developed, high",developed,278.66073868052234,2.223948433204488,0.8
HAMPTON,barren,barren,76.05903641559348,1.111974216602244,1.5
HAMPTON,deciduous forest,forest,3553.424806574131,872.4549703461206,24.6
HAMPTON,evergreen forest,forest,95992.95340693528,28939.35138191672,30.1
HAMPTON,mixed forest,forest,545.5345506650609,97.85373106099746,17.9
HAMPTON,shrub/scrub,shrub & grass,24023.75816000484,4001.3280210215135,16.7
HAMPTON,herbaceous,shrub & grass,19260.060616080827,3472.250688762167,18.0
HAMPTON,hay/pasture,agriculture,1822.9705306977187,272.65607791087024,15.0
HAMPTON,cultivated crops,agriculture,57161.70178896831,4655.168860383634,8.1
HAMPTON,woody wetlands,wetland,128342.28492148445,36504.33437230511,28.4
HAMPTON,emergent herbaceous wetlands,wetland,9073.709607474311,1271.4313192630057,14.0
BAMBERG,open water,water,593.3494419789573,9.562978262779298,1.6
BAMBERG,"developed, open space",developed,10351.59037719361,177.02629528307725,1.7
BAMBERG,"developed, low",developed,4416.983983187433,39.36388726771944,0.9
BAMBERG,"developed, medium",developed,938.506238812294,7.33902982957481,0.8
BAMBERG,"developed, high",developed,177.2486901263977,0.2223948433204488,0.1
BAMBERG,barren,barren,22.01708948872443,1.3343690599226927,6.1
BAMBERG,deciduous forest,forest,5437.776314028293,178.58305918632038,3.3
BAMBERG,evergreen forest,forest,64419.33510588784,2452.79272698123,3.8
BAMBERG,mixed forest,forest,464.1380380097766,16.90200809235411,3.6
BAMBERG,shrub/scrub,shrub & grass,16998.749849198502,499.2764232544075,2.9
BAMBERG,herbaceous,shrub & grass,12533.506185010532,286.44455819673806,2.3
BAMBERG,hay/pasture,agriculture,4728.114368992741,138.5519873886396,2.9
BAMBERG,cultivated crops,agriculture,47836.90840338521,693.8719111598002,1.5
BAMBERG,woody wetlands,wetland,79199.25160327822,4756.136119251118,6.0
BAMBERG,emergent herbaceous wetlands,wetland,5027.457828102065,87.62356826825682,1.7
ORANGEBURG,open water,water,14009.763154971672,873.1221548760819,6.2
ORANGEBURG,"developed, open space",developed,40126.701580308574,1467.1387813850006,3.7
ORANGEBURG,"developed, low",developed,17547.620322513372,280.88468711372684,1.6
ORANGEBURG,"developed, medium",developed,5891.461794402009,201.2673332050061,3.4
ORANGEBURG,"developed, high",developed,1983.0948178884416,118.5364514897992,6.0
ORANGEBURG,barren,barren,1339.2617464757425,5.337476239690771,0.4
ORANGEBURG,deciduous forest,forest,18220.36472355773,323.3621021879325,1.8
ORANGEBURG,evergreen forest,forest,154655.15320378664,8212.374379294213,5.3
ORANGEBURG,mixed forest,forest,2517.954416074121,148.33736049473933,5.9
ORANGEBURG,shrub/scrub,shrub & grass,38683.8038368455,1541.8634487406714,4.0
ORANGEBURG,herbaceous,shrub & grass,29324.539250547736,877.3476568991705,3.0
ORANGEBURG,hay/pasture,agriculture,13876.771038666044,333.8146598239936,2.4
ORANGEBURG,cultivated crops,agriculture,172820.1416113576,2846.6539945017444,1.6
ORANGEBURG,woody wetlands,wetland,198690.66655029543,19486.236171737724,9.8
ORANGEBURG,emergent herbaceous wetlands,wetland,12138.310548430094,712.7754728420383,5.9
COLLETON,open water,water,56025.26413960082,5145.771884748544,9.2
COLLETON,"developed, open space",developed,24422.512114078403,1538.9723157775056,6.3
COLLETON,"developed, low",developed,8025.785105748356,205.71523007141516,2.6
COLLETON,"developed, medium",developed,2058.041880087433,56.26589536007354,2.7
COLLETON,"developed, high",developed,490.60302436491,4.003107179768078,0.8
COLLETON,barren,barren,803.5125689167814,167.90810670693884,20.9
COLLETON,deciduous forest,forest,7280.762380624852,1443.564927993033,19.8
COLLETON,evergreen forest,forest,195242.21210976856,29473.76619041576,15.1
COLLETON,mixed forest,forest,3256.750085584652,1021.4595153708212,31.4
COLLETON,shrub/scrub,shrub & grass,30103.58838669927,2001.1088001973983,6.6
COLLETON,herbaceous,shrub & grass,21534.492678719056,1531.8556807912512,7.1
COLLETON,hay/pasture,agriculture,12918.026869111589,1488.9334760304046,11.5
COLLETON,cultivated crops,agriculture,41818.90394313387,1172.020824298765,2.8
COLLETON,woody wetlands,wetland,251249.6846619037,47047.1843147543,18.7
COLLETON,emergent herbaceous wetlands,wetland,70085.0661343196,44822.12390733321,64.0
ANDERSON,open water,water,25620.775529888982,23014.08557133,89.8
ANDERSON,"developed, open space",developed,51977.90038601197,1270.9865295763648,2.4
ANDERSON,"developed, low",developed,30692.71232665514,586.8999915226643,1.9
ANDERSON,"developed, medium",developed,11390.396690343425,350.27187822970683,3.1
ANDERSON,"developed, high",developed,4625.812741065335,84.95483014841143,1.8
ANDERSON,barren,barren,1041.4750512696617,250.86138326546623,24.1
ANDERSON,deciduous forest,forest,109118.91945455148,7854.985866078251,7.2
ANDERSON,evergreen forest,forest,45546.01912234127,4267.089858789451,9.4
ANDERSON,mixed forest,forest,40449.39649796655,3588.340796975441,8.9
ANDERSON,shrub/scrub,shrub & grass,8817.288353125834,756.5872569761668,8.6
ANDERSON,herbaceous,shrub & grass,13557.6344385012,2080.726154106119,15.3
ANDERSON,hay/pasture,agriculture,130294.46685615132,3237.1793393724524,2.5
ANDERSON,cultivated crops,agriculture,2851.991470741435,312.687149708551,11.0
ANDERSON,woody wetlands,wetland,6887.79069247762,776.8251877183276,11.3
ANDERSON,emergent herbaceous wetlands,wetland,949.403586134996,241.52079984600735,25.4
MCCORMICK,open water,water,20844.846269582344,20251.941617290027,97.2
MCCORMICK,"developed, open space",developed,10633.364643680618,3527.849399592279,33.2
MCCORMICK,"developed, low",developed,3672.628442593891,543.0882073885359,14.8
MCCORMICK,"developed, medium",developed,747.6914632433488,141.22072550848495,18.9
MCCORMICK,"developed, high",developed,123.20674319952865,32.69204196810597,26.5
MCCORMICK,barren,barren,428.77725792182525,255.3092801318752,59.5
MCCORMICK,deciduous forest,forest,28687.60041927797,12513.490649111693,43.6
MCCORMICK,evergreen forest,forest,128925.62659551395,62163.3618152452,48.2
MCCORMICK,mixed forest,forest,15238.494664317152,5749.796279206883,37.7
MCCORMICK,shrub/scrub,shrub & grass,13168.443462690411,4372.060224836703,33.2
MCCORMICK,herbaceous,shrub & grass,14863.981748165515,5643.713938943029,38.0
MCCORMICK,hay/pasture,agriculture,9443.107442229575,720.3368975149336,7.6
MCCORMICK,woody wetlands,wetland,4884.457943847016,2511.282570774508,51.4
MCCORMICK,emergent herbaceous wetlands,wetland,408.0945374930236,260.8691512148864,63.9
GREENWOOD,open water,water,6036.685627090262,108.0838938537381,1.8
GREENWOOD,"developed, open space",developed,20879.095075453693,954.2962726880456,4.6
GREENWOOD,"developed, low",developed,10562.198293818074,189.9251961956633,1.8
GREENWOOD,"developed, medium",developed,4219.497362318875,55.1539211434713,1.3
GREENWOOD,"developed, high",developed,1684.418543309079,22.01708948872443,1.3
GREENWOOD,barren,barren,601.1332614951731,20.23793074216084,3.4
GREENWOOD,deciduous forest,forest,45439.49199239077,3747.5755047928815,8.2
GREENWOOD,evergreen forest,forest,102820.69749171638,18193.454947515955,17.7
GREENWOOD,mixed forest,forest,25638.344722511298,2552.42561678879,10.0
GREENWOOD,shrub/scrub,shrub & grass,17401.729305295157,3358.384528982097,19.3
GREENWOOD,herbaceous,shrub & grass,17767.124032870655,2904.921443451702,16.3
GREENWOOD,hay/pasture,agriculture,36604.41205179931,1010.3397732047988,2.8
GREENWOOD,cultivated crops,agriculture,158.1227336008391,0.0,0.0
GREENWOOD,woody wetlands,wetland,5908.808592181003,938.061449125653,15.9
GREENWOOD,emergent herbaceous wetlands,wetland,568.2188246837467,78.50537969211842,13.8
LAURENS,open water,water,7497.152563175649,725.8967685979449,9.7
LAURENS,"developed, open space",developed,28528.14331661721,1045.4781584494297,3.7
LAURENS,"developed, low",developed,13377.717010254955,155.8987851676346,1.2
LAURENS,"developed, medium",developed,3921.488272269473,30.69048837822193,0.8
LAURENS,"developed, high",developed,1485.8199482239183,0.6671845299613464,0.0
LAURENS,barren,barren,791.2808525341568,5.782265926331668,0.7
LAURENS,deciduous forest,forest,105485.87729406865,6991.649084308269,6.6
LAURENS,evergreen forest,forest,125131.79296331044,20039.33214707568,16.0
LAURENS,mixed forest,forest,49690.34702761784,4056.7043370083065,8.2
LAURENS,shrub/scrub,shrub & grass,19392.16315301317,1851.214675799416,9.5
LAURENS,herbaceous,shrub & grass,19054.12299116609,977.6477312366928,5.1
LAURENS,hay/pasture,agriculture,75228.39167579162,1579.225782418507,2.1
LAURENS,cultivated crops,agriculture,1214.9430290596115,293.5611931829924,24.2
LAURENS,woody wetlands,wetland,11214.482369276951,1656.619187894023,14.8
LAURENS,emergent herbaceous wetlands,wetland,708.7723656622703,41.81023054424437,5.9
GREENVILLE,open water,water,4878.453283077364,1427.10770958732,29.3
GREENVILLE,"developed, open space",developed,68949.96285401202,1501.60998209967,2.2
GREENVILLE,"developed, low",developed,48677.11612144987,424.7741507420572,0.9
GREENVILLE,"developed, medium",developed,27443.52366574338,262.87070480477047,1.0
GREENVILLE,"developed, high",developed,12518.605730508065,63.60492518964836,0.5
GREENVILLE,barren,barren,1066.8280634081927,44.47896866408976,4.2
GREENVILLE,deciduous forest,forest,176402.03295787674,43143.48762995046,24.5
GREENVILLE,evergreen forest,forest,26809.03117775014,2452.79272698123,9.1
GREENVILLE,mixed forest,forest,56859.46719689582,16430.975814201396,28.9
GREENVILLE,shrub/scrub,shrub & grass,6602.235713654163,469.2531194061469,7.1
GREENVILLE,herbaceous,shrub & grass,11519.163304625965,520.6263282131706,4.5
GREENVILLE,hay/pasture,agriculture,61167.92249654287,1123.5387484549074,1.8
GREENVILLE,cultivated crops,agriculture,316.9126517316395,4.670291709729424,1.5
GREENVILLE,woody wetlands,wetland,5661.060736722024,579.1161720064487,10.2
GREENVILLE,emergent herbaceous wetlands,wetland,337.5953721604413,40.25346664100123,11.9
SPARTANBURG,open water,water,6569.098881999416,271.98889338090885,4.1
SPARTANBURG,"developed, open space",developed,63387.42303288096,805.9589121933064,1.3
SPARTANBURG,"developed, low",developed,43415.476523331374,320.0261795381258,0.7
SPARTANBURG,"developed, medium",developed,18402.061310550536,176.13671590979544,1.0
SPARTANBURG,"developed, high",developed,9370.38432846379,27.3545657284152,0.3
SPARTANBURG,barren,barren,1004.1127175918264,12.676506069265582,1.3
SPARTANBURG,deciduous forest,forest,139595.46399349914,6624.252803142887,4.7
SPARTANBURG,evergreen forest,forest,59695.6686337615,2835.0894626490813,4.7
SPARTANBURG,mixed forest,forest,46253.67951378694,2270.8737451451025,4.9
SPARTANBURG,shrub/scrub,shrub & grass,10759.907309529954,217.057367080758,2.0
SPARTANBURG,herbaceous,shrub & grass,14462.336661128784,192.8163291588291,1.3
SPARTANBURG,hay/pasture,agriculture,101232.1311258784,1849.880306739493,1.8
SPARTANBURG,cultivated crops,agriculture,1570.7747783723298,118.98124117644012,7.6
SPARTANBURG,woody wetlands,wetland,7849.870784681881,723.6728201647403,9.2
SPARTANBURG,emergent herbaceous wetlands,wetland,670.5204526111531,40.47586148432168,6.0
LEXINGTON,open water,water,38291.27693838491,55.82110567343265,0.1
LEXINGTON,"developed, open space",developed,43264.91521440343,463.4708534798153,1.1
LEXINGTON,"developed, low",developed,42815.4552360528,314.68870329843503,0.7
LEXINGTON,"developed, medium",developed,20840.175977872612,281.7742664870086,1.4
LEXINGTON,"developed, high",developed,6674.514037733309,71.16634986254361,1.1
LEXINGTON,barren,barren,3905.6982383937216,101.1896537108042,2.6
LEXINGTON,deciduous forest,forest,15574.97806226099,157.01075938423685,1.0
LEXINGTON,evergreen forest,forest,114661.22134494038,1447.3456403294806,1.3
LEXINGTON,mixed forest,forest,33528.91376352082,469.6979090927878,1.4
LEXINGTON,shrub/scrub,shrub & grass,32309.96762728144,419.214279659046,1.3
LEXINGTON,herbaceous,shrub & grass,24385.14978040057,186.811668389177,0.8
LEXINGTON,hay/pasture,agriculture,43054.97448230892,184.81011479929293,0.4
LEXINGTON,cultivated crops,agriculture,27171.757167205797,70.72156017590271,0.3
LEXINGTON,woody wetlands,wetland,36132.49019427331,1562.7685640127936,4.3
LEXINGTON,emergent herbaceous wetlands,wetland,1984.4291869483643,17.124402935674556,0.9
NEWBERRY,open water,water,11047.241447099974,1010.3397732047988,9.1
NEWBERRY,"developed, open space",developed,18767.45603812603,2464.357258833893,13.1
NEWBERRY,"developed, low",developed,8393.8485714437,368.0634656953428,4.4
NEWBERRY,"developed, medium",developed,2743.240392357736,121.42758445296504,4.4
NEWBERRY,"developed, high",developed,821.9713409123788,11.342137009342888,1.4
NEWBERRY,barren,barren,639.8299642329312,44.03417897744886,6.9
NEWBERRY,deciduous forest,forest,25871.41451831113,5644.38112347299,21.8
NEWBERRY,evergreen forest,forest,174527.02203384202,48149.37315825045,27.6
NEWBERRY,mixed forest,forest,60603.7067790389,8027.564264494919,13.2
NEWBERRY,shrub/scrub,shrub & grass,22301.977283017924,1741.796412885755,7.8
NEWBERRY,herbaceous,shrub & grass,19203.794720720754,683.6417483670596,3.6
NEWBERRY,hay/pasture,agriculture,48821.89516445148,535.5267827156407,1.1
NEWBERRY,cultivated crops,agriculture,7890.791435852843,151.89567798786652,1.9
NEWBERRY,woody wetlands,wetland,12054.022902811645,4769.924599536986,39.6
NEWBERRY,emergent herbaceous wetlands,wetland,540.8642589553315,120.53800507968324,22.3
CALHOUN,open water,water,6128.979487068248,3226.05959720643,52.6
CALHOUN,"developed, open space",developed,11215.816738336873,298.2314848927218,2.7
CALHOUN,"developed, low",developed,4426.991751136854,29.13372447497879,0.7
CALHOUN,"developed, medium",developed,1479.1481029243048,8.228609202856605,0.6
CALHOUN,"developed, high",developed,417.4351209124824,3.780712336447629,0.9
CALHOUN,barren,barren,141.44312035180542,0.4447896866408976,0.3
CALHOUN,deciduous forest,forest,7247.625548970105,127.87703490925806,1.8
CALHOUN,evergreen forest,forest,55760.61427604949,2882.014774589696,5.2
CALHOUN,mixed forest,forest,4124.534764221044,202.8240971082493,4.9
CALHOUN,shrub/scrub,shrub & grass,18878.875854629576,447.01363507410207,2.4
CALHOUN,herbaceous,shrub & grass,12009.988723834196,413.6544085760348,3.4
CALHOUN,hay/pasture,agriculture,3669.2925199440847,87.62356826825682,2.4
CALHOUN,cultivated crops,agriculture,60131.34013182626,499.7212129410484,0.8
CALHOUN,woody wetlands,wetland,61451.92071146309,10330.685261921488,16.8
CALHOUN,emergent herbaceous wetlands,wetland,4114.749391114943,842.8764561845009,20.5
FAIRFIELD,open water,water,16277.968161996929,4964.964877129019,30.5
FAIRFIELD,"developed, open space",developed,15746.889276147696,690.9807781966343,4.4
FAIRFIELD,"developed, low",developed,5305.006592565986,104.52557636061093,2.0
FAIRFIELD,"developed, medium",developed,1776.2676136004245,21.349904958763084,1.2
FAIRFIELD,"developed, high",developed,793.9495906540021,4.447896866408976,0.6
FAIRFIELD,barren,barren,545.3121558217405,40.25346664100123,7.4
FAIRFIELD,deciduous forest,forest,33999.72364683021,1768.7061889275292,5.2
FAIRFIELD,evergreen forest,forest,234842.94988562423,17293.86780628474,7.4
FAIRFIELD,mixed forest,forest,60914.837164844204,2938.280669949769,4.8
FAIRFIELD,shrub/scrub,shrub & grass,27195.33102059776,509.0617963605073,1.9
FAIRFIELD,herbaceous,shrub & grass,26285.513716573805,805.9589121933064,3.1
FAIRFIELD,hay/pasture,agriculture,19064.13075911551,478.1489131389649,2.5
FAIRFIELD,cultivated crops,agriculture,409.4289065529462,6.449450456293015,1.6
FAIRFIELD,woody wetlands,wetland,10545.74107541236,944.9556892685868,9.0
FAIRFIELD,emergent herbaceous wetlands,wetland,604.2467893016593,196.8194363385972,32.6
UNION,open water,water,1817.1882647713871,273.76805212747246,15.1
UNION,"developed, open space",developed,13060.359568836677,1897.2504083667488,14.5
UNION,"developed, low",developed,6035.79604771698,170.57684482678422,2.8
UNION,"developed, medium",developed,1396.1948263657775,27.799355415056095,2.0
UNION,"developed, high",developed,558.6558464209674,2.668738119845385,0.5
UNION,barren,barren,332.7026856073914,8.673398889497502,2.6
UNION,deciduous forest,forest,61586.9143813586,13477.127505219196,21.9
UNION,evergreen forest,forest,126605.1588003084,41830.46847498653,33.0
UNION,mixed forest,forest,45932.31896518889,10832.1856336091,23.6
UNION,shrub/scrub,shrub & grass,14469.89808580168,1476.256969961139,10.2
UNION,herbaceous,shrub & grass,12338.021117731858,471.9218575259923,3.8
UNION,hay/pasture,agriculture,33164.85340500525,1254.9741008572926,3.8
UNION,cultivated crops,agriculture,117.42447727319696,45.36854803737155,38.6
UNION,woody wetlands,wetland,12449.218539392084,4179.466290521194,33.6
UNION,emergent herbaceous wetlands,wetland,483.0415996920148,106.30473510717452,22.0
CHEROKEE,open water,water,2866.4471355572646,158.1227336008391,5.5
CHEROKEE,"developed, open space",developed,20260.392621336207,365.8395172621383,1.8
CHEROKEE,"developed, low",developed,10274.196971718093,76.72622094555483,0.7
CHEROKEE,"developed, medium",developed,2815.073926750241,23.57385339196757,0.8
CHEROKEE,"developed, high",developed,1369.5074451673236,5.337476239690771,0.4
CHEROKEE,barren,barren,196.37464665195628,3.5583174931271806,1.8
CHEROKEE,deciduous forest,forest,66305.24337724525,2968.30397379803,4.5
CHEROKEE,evergreen forest,forest,43995.4822747111,872.2325755028002,2.0
CHEROKEE,mixed forest,forest,35698.59785495512,1396.1948263657775,3.9
CHEROKEE,shrub/scrub,shrub & grass,7245.846390223542,118.75884633311964,1.6
CHEROKEE,herbaceous,shrub & grass,7004.103195534214,146.55820174817575,2.1
CHEROKEE,hay/pasture,agriculture,50440.48483413771,816.1890749860471,1.6
CHEROKEE,cultivated crops,agriculture,2076.945441769671,43.589389290807965,2.1
CHEROKEE,woody wetlands,wetland,3612.3594400540496,101.41204855412464,2.8
CHEROKEE,emergent herbaceous wetlands,wetland,234.62655970307347,8.228609202856605,3.5
CHESTER,open water,water,4355.380611587669,329.3667629575846,7.6
CHESTER,"developed, open space",developed,15157.320546505189,775.046028971764,5.1
CHESTER,"developed, low",developed,7058.367537304403,107.86149901041766,1.5
CHESTER,"developed, medium",developed,1993.3249806811823,40.03107179768078,2.0
CHESTER,"developed, high",developed,776.1580031883663,1.7791587465635903,0.2
CHESTER,barren,barren,397.419585013642,12.231716382624684,3.1
CHESTER,deciduous forest,forest,43926.9846629684,4973.415881175196,11.3
CHESTER,evergreen forest,forest,148193.91582079764,12692.518497984653,8.6
CHESTER,mixed forest,forest,66270.9945713739,4836.4206576898,7.3
CHESTER,shrub/scrub,shrub & grass,17282.748064118718,1923.715394721882,11.1
CHESTER,herbaceous,shrub & grass,14217.03514894633,552.2063959646744,3.9
CHESTER,hay/pasture,agriculture,44346.19894262745,1868.783868421731,4.2
CHESTER,cultivated crops,agriculture,3182.2478130723016,692.5375420998776,21.8
CHESTER,woody wetlands,wetland,7910.806971751684,1475.3673905878572,18.7
CHESTER,emergent herbaceous wetlands,wetland,261.9811254314887,12.89890091258603,4.9
EDGEFIELD,open water,water,4374.951357799869,96.07457231443388,2.2
EDGEFIELD,"developed, open space",developed,15174.889739127502,1282.1062717423872,8.4
EDGEFIELD,"developed, low",developed,5466.465248816631,131.2129575590648,2.4
EDGEFIELD,"developed, medium",developed,1646.8338147879233,27.13217088509475,1.6
EDGEFIELD,"developed, high",developed,478.5937028256058,2.223948433204488,0.5
EDGEFIELD,barren,barren,516.4008261900821,33.80401618470822,6.5
EDGEFIELD,deciduous forest,forest,47917.637731510535,6392.51737640298,13.3
EDGEFIELD,evergreen forest,forest,154268.4085712524,27920.33820982242,18.1
EDGEFIELD,mixed forest,forest,16422.3024153119,1963.3016768329217,12.0
EDGEFIELD,shrub/scrub,shrub & grass,14745.000506989076,973.1998343702838,6.6
EDGEFIELD,herbaceous,shrub & grass,19177.32973436562,1457.1310134355804,7.6
EDGEFIELD,hay/pasture,agriculture,23945.0303854694,297.1195106761196,1.2
EDGEFIELD,cultivated crops,agriculture,11658.382476544566,178.80545402964083,1.5
EDGEFIELD,woody wetlands,wetland,8261.301244824712,680.9730102472142,8.2
EDGEFIELD,emergent herbaceous wetlands,wetland,485.71033781186014,15.790033875751863,3.3
SALUDA,open water,water,6144.324731257359,72.0559292358254,1.2
SALUDA,"developed, open space",developed,15063.469922623955,410.76327561286894,2.7
SALUDA,"developed, low",developed,3935.276752555341,53.81955208354861,1.4
SALUDA,"developed, medium",developed,1128.2090401646367,9.1181885761384,0.8
SALUDA,"developed, high",developed,315.5782826717168,1.111974216602244,0.4
SALUDA,barren,barren,528.1877528860658,10.897347322701991,2.1
SALUDA,deciduous forest,forest,14002.424125142095,1031.9120730068823,7.4
SALUDA,evergreen forest,forest,112293.38344810756,7619.247332158576,6.8
SALUDA,mixed forest,forest,40279.70923251304,1697.762233908306,4.2
SALUDA,shrub/scrub,shrub & grass,17230.930065625053,761.4799435292166,4.4
SALUDA,herbaceous,shrub & grass,14362.036586791262,406.5377735897804,2.8
SALUDA,hay/pasture,agriculture,58517.19835900645,872.2325755028002,1.5
SALUDA,cultivated crops,agriculture,7110.852720328029,84.95483014841143,1.2
SALUDA,woody wetlands,wetland,4649.831384143943,567.5516401537853,12.2
SALUDA,emergent herbaceous wetlands,wetland,350.27187822970683,30.69048837822193,8.8
CHARLESTON,open water,water,275489.61060961604,10336.68992269114,3.8
CHARLESTON,"developed, open space",developed,35493.10501972702,5521.396775116782,15.6
CHARLESTON,"developed, low",developed,36546.81178737931,1831.866324430537,5.0
CHARLESTON,"developed, medium",developed,21311.875440555286,969.6415168771568,4.5
CHARLESTON,"developed, high",developed,9325.238175269738,534.6372033423589,5.7
CHARLESTON,barren,barren,4434.108386123108,1366.6163122041578,30.8
CHARLESTON,deciduous forest,forest,1774.04366516722,616.2561108409636,34.7
CHARLESTON,evergreen forest,forest,129553.66963305091,61525.75579944548,47.5
CHARLESTON,mixed forest,forest,2211.4943219785428,471.6994626826719,21.3
CHARLESTON,shrub/scrub,shrub & grass,6268.64344867349,2661.621484859131,42.5
CHARLESTON,herbaceous,shrub & grass,5728.6687690914405,2560.431831148327,44.7
CHARLESTON,hay/pasture,agriculture,16739.65985673018,4131.651399207298,24.7
CHARLESTON,cultivated crops,agriculture,3921.710667112794,1618.3672748429058,41.3
CHARLESTON,woody wetlands,wetland,161061.01427078884,93426.51691501727,58.0
CHARLESTON,emergent herbaceous wetlands,wetland,150510.82529851008,75987.87006573094,50.5
GEORGETOWN,open water,water,141594.12645042,6412.3105174585,4.5
GEORGETOWN,"developed, open space",developed,29055.886279816637,3869.447878932489,13.3
GEORGETOWN,"developed, low",developed,10008.657528793476,577.781802946526,5.8
GEORGETOWN,"developed, medium",developed,4932.495230004233,314.0215187684737,6.4
GEORGETOWN,"developed, high",developed,1104.4127919293487,42.47741507420572,3.8
GEORGETOWN,barren,barren,2280.8815130945227,1053.484372808966,46.2
GEORGETOWN,deciduous forest,forest,3278.544780230056,724.5623995380222,22.1
GEORGETOWN,evergreen forest,forest,165658.36047190917,37273.82053019386,22.5
GEORGETOWN,mixed forest,forest,186.14448385921563,53.81955208354861,28.9
GEORGETOWN,shrub/scrub,shrub & grass,19384.8241231836,3213.8278808238056,16.6
GEORGETOWN,herbaceous,shrub & grass,23105.93464162135,3762.253564452032,16.3
GEORGETOWN,hay/pasture,agriculture,3961.519344067154,530.6340961625908,13.4
GEORGETOWN,cultivated crops,agriculture,11066.367403625532,496.1628954479213,4.5
GEORGETOWN,woody wetlands,wetland,183268.6961402389,68922.38589344028,37.6
GEORGETOWN,emergent herbaceous wetlands,wetland,63417.44633672921,42424.70749633877,66.9
RICHLAND,open water,water,10119.854950453702,952.9619036281232,9.4
RICHLAND,"developed, open space",developed,38807.67776457499,3314.795139691289,8.5
RICHLAND,"developed, low",developed,40827.46773161131,2566.6588867612995,6.3
RICHLAND,"developed, medium",developed,25833.60739494665,1947.956432643811,7.5
RICHLAND,"developed, high",developed,9106.624044285736,568.4412195270671,6.2
RICHLAND,barren,barren,2090.289132368898,283.5534252335722,13.6
RICHLAND,deciduous forest,forest,17732.875226999306,1673.2988011430566,9.4
RICHLAND,evergreen forest,forest,118849.13863950776,39290.94175911033,33.1
RICHLAND,mixed forest,forest,46806.997883968215,4660.061546936684,10.0
RICHLAND,shrub/scrub,shrub & grass,18606.886961248667,6341.588957282597,34.1
RICHLAND,herbaceous,shrub & grass,29671.25281128432,8781.48278335124,29.6
RICHLAND,hay/pasture,agriculture,14229.711655015595,2462.1333104006885,17.3
RICHLAND,cultivated crops,agriculture,20997.40913210017,2364.724369026332,11.3
RICHLAND,woody wetlands,wetland,94200.22857492912,48957.33362403364,52.0
RICHLAND,emergent herbaceous wetlands,wetland,6053.587635182616,1065.2712995049496,17.6
KERSHAW,open water,water,9278.757653015764,122.53955866956728,1.3
KERSHAW,"developed, open space",developed,21343.90029799343,597.3525491587254,2.8
KERSHAW,"developed, low",developed,17552.51300906642,269.32015526106346,1.5
KERSHAW,"developed, medium",developed,4530.850142967503,34.69359555799001,0.8
KERSHAW,"developed, high",developed,1080.6165436940607,0.8895793732817951,0.1
KERSHAW,barren,barren,1711.105924507533,83.8428559318092,4.9
KERSHAW,deciduous forest,forest,18201.01637218885,1148.8917605934384,6.3
KERSHAW,evergreen forest,forest,144954.06774330535,11101.728183713483,7.7
KERSHAW,mixed forest,forest,41069.21092630064,2271.540929675064,5.5
KERSHAW,shrub/scrub,shrub & grass,34749.19426882012,2293.113229477148,6.6
KERSHAW,herbaceous,shrub & grass,69366.95318523786,3299.894685188819,4.8
KERSHAW,hay/pasture,agriculture,21814.4877864595,334.2594495106345,1.5
KERSHAW,cultivated crops,agriculture,12824.621034917,711.2187089387952,5.5
KERSHAW,woody wetlands,wetland,71995.8826281289,8593.336745902141,11.9
KERSHAW,emergent herbaceous wetlands,wetland,3617.2521266070994,209.05115272122185,5.8
BERKELEY,open water,water,81671.83747131497,5854.766645254134,7.2
BERKELEY,"developed, open space",developed,37018.06646037534,10199.02751467578,27.6
BERKELEY,"developed, low",developed,24011.304048778893,2351.825468113746,9.8
BERKELEY,"developed, medium",developed,13568.754180667222,918.4907029134534,6.8
BERKELEY,"developed, high",developed,4257.082090840031,299.788248795965,7.0
BERKELEY,barren,barren,3003.21996419934,364.727543045536,12.1
BERKELEY,deciduous forest,forest,5873.225417249732,2519.9559696640054,42.9
BERKELEY,evergreen forest,forest,235380.25582708648,121871.9293499193,51.8
BERKELEY,mixed forest,forest,1326.585240406477,346.2687710499388,26.1
BERKELEY,shrub/scrub,shrub & grass,25750.876513231444,5860.993700867108,22.8
BERKELEY,herbaceous,shrub & grass,17100.606687439267,4237.066554941191,24.8
BERKELEY,hay/pasture,agriculture,13639.030951156485,1181.8061974048649,8.7
BERKELEY,cultivated crops,agriculture,18963.38589509135,1504.0563253761952,7.9
BERKELEY,woody wetlands,wetland,279053.7103686696,151643.03744585448,54.3
BERKELEY,emergent herbaceous wetlands,wetland,29096.8069309876,10054.91565620413,34.6
OCONEE,open water,water,28836.38256945935,10287.318267474,35.7
OCONEE,"developed, open space",developed,36188.31129994675,3995.100965408542,11.0
OCONEE,"developed, low",developed,14617.79065660978,509.2841912038277,3.5
OCONEE,"developed, medium",developed,5060.817054600133,213.2766547443104,4.2
OCONEE,"developed, high",developed,1745.1323355355617,44.70136350741021,2.6
OCONEE,barren,barren,721.4488717315359,123.42913804284908,17.1
OCONEE,deciduous forest,forest,127639.96200627844,46346.195768608246,36.3
OCONEE,evergreen forest,forest,54420.01816051382,21593.42731219897,39.7
OCONEE,mixed forest,forest,91833.2802574696,48393.34030137298,52.7
OCONEE,shrub/scrub,shrub & grass,7764.693559690149,1525.6286251782788,19.6
OCONEE,herbaceous,shrub & grass,10917.36285860083,3006.555886849147,27.5
OCONEE,hay/pasture,agriculture,49155.26503458883,3699.9830083223055,7.5
OCONEE,cultivated crops,agriculture,242.63277406260963,69.16479627265957,28.5
OCONEE,woody wetlands,wetland,1753.8057344250592,454.5750597469973,25.9
OCONEE,emergent herbaceous wetlands,wetland,346.2687710499388,138.32959254531914,39.9
DORCHESTER,open water,water,3554.9815704773737,475.4801750191195,13.4
DORCHESTER,"developed, open space",developed,21908.56080518405,1436.2258981634582,6.6
DORCHESTER,"developed, low",developed,14887.110811870842,181.4741921494862,1.2
DORCHESTER,"developed, medium",developed,6012.666984011654,48.92686553049873,0.8
DORCHESTER,"developed, high",developed,1415.765572577977,6.671845299613464,0.5
DORCHESTER,barren,barren,1404.6458304119546,73.835087982389,5.3
DORCHESTER,deciduous forest,forest,3648.8321943586034,524.6294353929387,14.4
DORCHESTER,evergreen forest,forest,101724.29091414656,26503.015873341203,26.1
DORCHESTER,mixed forest,forest,1732.455829466296,148.5597553380598,8.6
DORCHESTER,shrub/scrub,shrub & grass,13161.7716173908,2823.080141109777,21.4
DORCHESTER,herbaceous,shrub & grass,9720.878601536817,1750.4698117752523,18.0
DORCHESTER,hay/pasture,agriculture,8154.106930344255,301.12261785588765,3.7
DORCHESTER,cultivated crops,agriculture,34100.91330054101,561.3245845408128,1.6
DORCHESTER,woody wetlands,wetland,136969.4256835713,34563.716969490866,25.2
DORCHESTER,emergent herbaceous wetlands,wetland,7247.625548970105,1432.4451858270106,19.8
PICKENS,open water,water,9939.047942834177,1949.7355913903743,19.6
PICKENS,"developed, open space",developed,34527.91139971628,1374.1777368770531,4.0
PICKENS,"developed, low",developed,14859.978640985748,199.710569301763,1.3
PICKENS,"developed, medium",developed,5362.606856985982,86.73398889497503,1.6
PICKENS,"developed, high",developed,1972.19747056574,19.57074621219949,1.0
PICKENS,barren,barren,658.7335259151693,59.82421285320073,9.1
PICKENS,deciduous forest,forest,126104.54800799408,34645.33587698948,27.5
PICKENS,evergreen forest,forest,30040.20585635294,5974.859860647177,19.9
PICKENS,mixed forest,forest,51523.325326264974,18161.87487976445,35.2
PICKENS,shrub/scrub,shrub & grass,5068.600874116349,660.067894975092,13.0
PICKENS,herbaceous,shrub & grass,7170.89932802455,1230.7330629353637,17.2
PICKENS,hay/pasture,agriculture,38977.36503002849,972.0878601536816,2.5
PICKENS,cultivated crops,agriculture,20.905115272122185,0.0,0.0
PICKENS,woody wetlands,wetland,1666.6269558434433,171.68881904338647,10.3
PICKENS,emergent herbaceous wetlands,wetland,211.71989084106724,53.15236755358726,25.1
BEAUFORT,open water,water,234884.5377213252,10223.49094744103,4.4
BEAUFORT,"developed, open space",developed,35726.6196052135,3822.5225669918736,10.7
BEAUFORT,"developed, low",developed,16640.026966922618,2121.8692001204017,12.8
BEAUFORT,"developed, medium",developed,8875.11101238915,1284.552615018912,14.5
BEAUFORT,"developed, high",developed,1830.976745057255,471.9218575259923,25.8
BEAUFORT,barren,barren,2067.8272531935327,410.5408807695485,19.9
BEAUFORT,deciduous forest,forest,1941.7293770308384,997.2184774488924,51.4
BEAUFORT,evergreen forest,forest,66119.76607791599,21075.024932419008,31.9
BEAUFORT,mixed forest,forest,8838.415863241276,2145.4430535123693,24.3
BEAUFORT,shrub/scrub,shrub & grass,5129.537061186152,2096.2937931385504,40.9
BEAUFORT,herbaceous,shrub & grass,5134.207352895881,1635.9364674652213,31.9
BEAUFORT,hay/pasture,agriculture,7304.113839173499,2218.610956964797,30.4
BEAUFORT,cultivated crops,agriculture,1832.978298647139,1125.0955123581505,61.4
BEAUFORT,woody wetlands,wetland,62021.69630005008,23281.40417300118,37.5
BEAUFORT,emergent herbaceous wetlands,wetland,132713.9003566345,44078.88034095627,33.2
JASPER,open water,water,35351.439504531896,1359.277282374583,3.8
JASPER,"developed, open space",developed,13292.762180106543,1201.8217333037053,9.0
JASPER,"developed, low",developed,6243.512831378279,208.60636303458097,3.3
JASPER,"developed, medium",developed,2501.497197668408,40.03107179768078,1.6
JASPER,"developed, high",developed,559.7678206375696,6.227055612972566,1.1
JASPER,barren,barren,2396.082041934515,340.931294810248,14.2
JASPER,deciduous forest,forest,4030.461745496493,936.2822903790894,23.2
JASPER,evergreen forest,forest,119500.75553043668,21271.621973914287,17.8
JASPER,mixed forest,forest,8942.941439601887,1979.0917107086736,22.1
JASPER,shrub/scrub,shrub & grass,15011.207134443652,2796.1703650680024,18.6
JASPER,herbaceous,shrub & grass,12519.050520194703,1990.2114528746963,15.9
JASPER,hay/pasture,agriculture,1532.5228653212123,243.52235343589143,15.9
JASPER,cultivated crops,agriculture,13671.500598281267,1732.2334346229757,12.7
JASPER,woody wetlands,wetland,169624.32771284273,54910.17639519209,32.4
JASPER,emergent herbaceous wetlands,wetland,45350.08926537596,16104.277789363658,35.5
ABBEVILLE,open water,water,13328.345355037816,11677.508433070125,87.6
ABBEVILLE,"developed, open space",developed,15752.67154207403,1372.1761832871691,8.7
ABBEVILLE,"developed, low",developed,5734.673429861093,335.59381857055723,5.9
ABBEVILLE,"developed, medium",developed,1488.0438966571228,104.97036604725184,7.1
ABBEVILLE,"developed, high",developed,399.421138603526,21.57229980208353,5.4
ABBEVILLE,barren,barren,483.0415996920148,30.023303848260586,6.2
ABBEVILLE,deciduous forest,forest,69775.93730210417,10774.362974345782,15.4
ABBEVILLE,evergreen forest,forest,92440.64057457774,21938.13931934567,23.7
ABBEVILLE,mixed forest,forest,36047.98015381154,5645.270702846272,15.7
ABBEVILLE,shrub/scrub,shrub & grass,14166.106729825948,586.6775966793439,4.1
ABBEVILLE,herbaceous,shrub & grass,14507.927604009476,1350.1590937984447,9.3
ABBEVILLE,hay/pasture,agriculture,56712.90899514764,1992.2130064645803,3.5
ABBEVILLE,cultivated crops,agriculture,176.13671590979544,5.55987108301122,3.2
ABBEVILLE,woody wetlands,wetland,6101.180131653192,1567.2164608792027,25.7
ABBEVILLE,emergent herbaceous wetlands,wetland,620.9264025506931,68.27521689937778,11.0
