original,published_as
"Alston, Rowland P. Tract","Private tract (Sumter County, FY2007-08)"
"Boineau, Jack H Tract","Private tract (Charleston County, FY2014-15)"
"Boyd, Steve Tract","Private tract (Chester County, FY2014-15)"
"Cain, Kenny Easement","Private tract (Oconee County, FY2007-08)"
"Davis, J. E., Jr/Orange Grove Tract","Private tract (Sumter County, FY2007-08)"
"Drayton, Eddie Tract","Private tract (Marlboro County, FY2014-15)"
"Garrett, Richard M.","Private tract (Oconee County, FY2007-08)"
"Harper, Andrew R Tract","Private tract (Allendale County, FY2007-08)"
"Harper, Stiles Tract (Sand Pit & Mikell)","Private tract (Allendale County, FY2007-08)"
"Johns, A.J. Properties","Private tract (Hampton County, FY2012-13)"
"Johnson, Alex H., Jr. Tract","Private tract (Dillon County, FY2007-08)"
"Miller, Eloise Tract","Private tract (York County, FY2015-16)"
"Powell, Marion J. ""Pete"" Tract","Private tract (Oconee County, FY2012-13)"
"Rivers, J. T., Jr. 97","Private tract (Sumter County, FY2007-08)"
"Rivers, J. T., Jr. 98","Private tract (Sumter County, FY2007-08)"
"Simmons, Kenneth Tract (Birchwood Farms)","Private tract (Sumter County, FY2012-13)"
"Walters, Rainey","Private tract (Oconee County, FY2007-08)"
Waites - Becky Work,"Private tract (Horry County, FY2024-25)"
