agency,"Buildings, Land & Capital Construction",Contracts with Governments & Nonprofits,Food & Provisions,Information Technology,"Insurance, Claims & Risk","Marketing, Promotion & Public Information",Medical & Health Services (operational),"Personnel, Training & Memberships","Printing, Postage & Mail",Professional & Contracted Services,"Rent, Leases & Facilities Operations","Roads, Bridges & Highways",Security & Protective Services,"Supplies, Equipment & Materials",Telecommunications & Connectivity,"Testing, Research & Appraisal","Travel, Lodging & Per Diem",Utilities,"Vehicles, Fuel & Fleet"
ADJUTANT GENERAL,20830070.07,0.0,11749935.4,2464821.68,886367.22,70426.27,25868.0,143520.1,133809.69,28373024.37,4758798.28,96451.37,0.0,5289571.68,1976455.28,43167.270000000004,1858118.82,4267424.45,1563978.47
ADMINISTRATIVE LAW JUDGES,0.0,0.0,0.0,402124.13,10365.86,0.0,0.0,5085.0,14407.099999999999,22189.56,233485.13,0.0,0.0,931355.5499999999,24930.48,0.0,30826.25,0.0,457.0
AGRICULTURE DEPARTMENT,2487565.69,7218213.21,212.97,1328239.93,57261.0,5894846.69,27213.0,148937.75,197068.34,423764.38,670359.47,0.0,69216.63,1070685.6,273994.77,26165.63,383012.86,652192.53,1643530.77
ARCHIVES & HISTORY DEPT,212286.64,1920.6899999999998,0.0,160939.88,83604.74,119896.81,0.0,61482.46,7281.2,3153212.92,828971.1699999999,0.0,77991.07,80691.48999999999,36464.79,10575.0,59017.84,0.0,3839.09
ARTS COMMISSION,0.0,12040.65,0.0,192475.04,29262.22,312.39,0.0,64180.0,7036.45,75821.53,138214.29,0.0,0.0,72526.19,4957.1,0.0,51222.81,0.0,10794.19
ATTORNEY GENERAL,0.0,80392.08,0.0,3721323.33,170608.3,184938.05000000002,16619.75,732954.89,81095.0,447729.81,1061551.06,0.0,58304.51,713076.84,211699.17,2000.0,648922.2,58659.9,459425.53
BLIND COMMISSION,12943.89,66037280.93,384.91,643798.57,177402.45,416.36,0.0,16313.84,34215.57,619119.13,113247.31,0.0,60279.36,693167.88,200784.0,0.0,247127.58,151754.74,392755.38
BOARD OF FINANCIAL INSTITUTION,0.0,284486.71,0.0,191061.05000000002,70632.05,937.48,0.0,60439.0,1672.94,11498.82,89126.01,0.0,0.0,15883.36,33522.4,0.0,277896.61,0.0,0.0
COMMISSION ON INDIGENT DEFENSE,0.0,1624.0,0.0,218813.79,49554.25,0.0,8000.0,8872.5,7713.2,111197.15,25808.31,0.0,0.0,13699.6,32633.53,0.0,100348.75,0.0,0.0
COMPTROLLER GENERAL,0.0,0.0,0.0,139276.77,15879.880000000001,0.0,0.0,4615.0,0.0,33215.81,54662.9,0.0,15523.880000000001,3321.42,19167.75,0.0,7298.65,0.0,0.0
CONFED RELIC RM AND MIL COMM,0.0,1624.0,0.0,67949.04,27431.0,325499.06,0.0,1815.0,4629.92,144868.11,246685.86,0.0,0.0,195712.32,2934.72,0.0,4380.92,0.0,624.46
CONSUMER AFFAIRS COMM,0.0,1624.0,0.0,227926.61000000002,39183.0,15948.619999999999,0.0,16482.5,51808.99,67339.22,18243.11,0.0,0.0,28925.2,16051.57,0.0,40369.86,29600.55,28337.73
CORRECTIONS DEPARTMENT,19080787.0,155265.0,16891611.17,13385984.879999999,26606236.67,18360.22,2090875.6099999999,863105.96,616785.35,25235787.919999998,3939095.15,0.0,0.0,58719277.53,10987632.89,96518.88,154608.25,18447500.18,6871716.7299999995
COUNTY TRANSPORTATION FUNDS,17572.06,0.0,0.0,0.0,13750.0,59.84,0.0,0.0,13500.85,1021015.26,31900.0,81020685.98,0.0,0.0,0.0,24350.0,0.0,0.0,21.0
DEAF & BLIND SCHOOL,1090699.8900000001,59788.3,31363.69,1234280.86,412702.44,67860.71,358939.3,38762.28,64429.439999999995,2170725.31,374416.07,0.0,0.0,996247.97,291535.41,0.0,374230.34,642185.06,1425380.67
DEPARTMENT OF ADMINISTRATION,37163122.48,1624.0,119.87,62320693.78,2352032.99,29701.579999999998,0.0,889701.3099999999,149292.04,35754061.31,10095192.96,0.0,1688228.9300000002,8278364.45,29430607.29,30779.55,320793.51,7564058.72,53796530.57
DEPARTMENT OF COMMERCE,44098553.660000004,4129429.64,493.5,1163762.39,79202.9,505542.8,0.0,226926.22,36708.8,4506822.75,165071.7,0.0,0.0,374820.42,114846.8,11412.5,542671.77,188.68,90979.23
DEPARTMENT OF MOTOR VEHICLES,567928.79,307069.79,67.24,12492757.549999999,1327128.74,6441.65,75.0,106724.66,5488522.48,1141386.23,1984233.43,0.0,0.0,11648204.84,2299667.19,2.03,604426.6,1005036.01,1153151.83
DEPARTMENT OF PUBLIC HEALTH,43522766.08,3315466.22,357960.59,37368886.18,1959611.04,2698764.43,7646336.22,621174.79,2311670.06,60215206.88,7338717.92,0.0,591923.16,32371303.79,4569659.46,136113.34,2055096.19,600909.83,2515949.0300000003
DEPARTMENT OF PUBLIC SAFETY,1545556.61,385516.94,613.97,8477015.53,7057196.93,3602236.96,63745.69,67557.22,56344.23,914488.51,1004506.82,1171.82,0.0,5835819.75,5269116.2,525.0,676855.38,954521.62,19589945.34
DEPARTMENT OF REVENUE,130398.35,29624.0,0.0,23219423.07,910392.52,42594.93,1840.0,95334.86,2674764.94,3841113.75,882189.08,0.0,58398.25,4005021.02,2955033.34,0.0,783778.31,0.0,281651.53
DEPARTMENT OF TRANSPORTATION,223534088.47,8852963.33,28714.0,25437878.59,105397854.07000001,45522.75,85973.59999999999,469227.48,1288272.83,96033945.94,34754093.6,1787921459.8,216745.94,24816918.92,7624173.66,1317778.68,2564880.55,134496376.94,46812828.98
DEPARTMENT OF VETERANS AFFAIRS,143855.33000000002,1624.0,0.0,626255.6799999999,251063.15000000002,208393.23,0.0,6163.0,14320.7,523352.42000000004,151240.49,0.0,0.0,443150.75,115416.98,25943.0,102826.38,19160.08,127547.66
DEPARTMENT ON AGING,0.0,0.0,0.0,551994.67,52198.02,203530.6,350.0,4161.19,9463.95,182016.26,71760.33,0.0,0.0,72346.08,67804.56,0.0,101492.91,1179.72,550449.84
DEPT OF ALCOHOL&OTHER DRUG ABU,0.0,61864.0,0.0,1157421.09,26482.93,2667336.16,188327.75,87102.14,112538.32,393151.02,199027.84,0.0,0.0,1716680.77,46984.62,0.0,35180.88,0.0,84072.53
DEPT OF CHILDREN'S ADVOCACY,0.0,1624.0,284.77,1029657.89,251669.56,16115.9,255.0,75820.28,6747.34,20650.78,306945.2,0.0,8675.58,57042.63,265905.33,0.0,70661.56,40710.68,535296.38
DEPT OF DISABILITIES & SPECIAL,3339406.33,150994578.24,3372089.67,4374594.94,4319241.09,85278.37,17798576.23,705655.48,340350.1,17128726.25,2532083.21,860.31,167397.9,5286314.19,714689.73,0.0,102160.07,1918273.51,992701.5
DEPT OF EMPLOYMENT & WORKFORCE,442529.57,44733.0,1020.01,18059509.48,11106891.96,720668.49,346.65,125250.46,1663590.28,2884531.57,574992.26,0.0,276769.9,446871.18,2492530.86,929052.45,868314.68,601440.63,562121.56
DEPT OF ENVIRONMENTAL SERVICES,20060009.69,272105.61,96.3,12336769.67,1243088.6099999999,233497.43000000002,74286.54000000001,614370.63,443654.73,4684681.05,2483922.21,0.0,182505.78999999998,3345856.5,1077155.82,2856502.54,620823.1,135948.31,2809754.57
DEPT OF HEALTH & HUMAN SERVICE,136157.82,115610145.6,430.18,106882868.03,3277697.14,91389.14,38.25,216639.07,3212315.42,182327681.03,1787654.61,0.0,2551735.54,6746299.8,11186201.98,788196.86,661295.3,20777.53,415434.79
DEPT OF JUVENILE JUSTICE,13111810.01,569324.6799999999,1839413.5,3374021.25,7579148.91,51272.61,4450198.61,503785.72,69808.41,8406270.53,1978661.7,6674.44,5056815.92,5007257.15,1750483.32,47595.25,353336.04,1819308.81,3038507.93
"DEPT OF LABOR,LICENSING,& REGU",241408.0,1015.77,260321.15,1304859.77,4093824.65,180030.65,1245616.0,466078.22,718390.76,1478994.8699999999,620770.4,0.0,215415.0,5222662.73,666746.99,65577.5,1349779.47,313709.11,4156762.91
DEPT OF NATURAL RESOURCES,28743615.03,1728314.76,41.47,4192725.38,3805946.5799999996,484604.13,14895.64,296448.35,772717.74,11840113.97,3304303.36,0.0,0.0,17167702.36,3458615.39,202173.5,1393806.48,1081555.8,13920824.56
EDUCATION DEPARTMENT,444244.56,15228742.29,1053.4,36065541.32,7767093.0,498676.87,22880.42,42791144.62,1043789.3300000001,25517361.1,3373518.5,0.0,167213.07,157527205.88,4017922.8699999996,30030805.73,1549885.77,751545.49,134924460.73
EDUCATION OVERSIGHT COMMITTEE,0.0,5947118.0,0.0,309293.59,18231.5,9492.94,0.0,231109.91999999998,2380.4399999999996,51055.57,29410.75,0.0,1610.17,10007.76,3048.07,0.0,29963.37,0.0,0.0
EDUCATIONAL TELEVISION COM,826823.5,1624.0,42.85,2119168.87,137617.2,269770.47,1045.0,3952387.53,380718.85,1340971.1300000001,736798.95,0.0,193670.6,7757773.07,1661712.29,8640.0,230629.2,1111719.74,224355.12
ELECTION COMMISSION,133381.0,0.0,0.0,5615375.07,158947.92,2680843.78,0.0,199003.69,825885.59,301744.14,205974.78,0.0,11972.0,507254.52999999997,1570585.45,1225.0,373098.02,0.0,243897.88
FIRST STEPS,0.0,545893.34,0.0,765496.73,87734.0,900638.21,0.0,143434.73,187795.11000000002,1204136.06,207111.42,0.0,0.0,2081337.23,87556.92,258481.18,280874.33,0.0,65470.35
FORESTRY COMMISSION,722802.22,298384.16,4225.91,913363.44,887753.92,122290.31,23982.61,187070.16,245387.11,3303893.08,197652.48,3376.04,0.0,2104159.72,931840.59,23952.5,388209.7,238000.93,5678133.350000001
GOV SCH FOR ARTS & HUMANITIES,372712.94,3767.56,1062443.58,303999.42,292343.53,26080.07,2200.0,16189.24,26695.39,546713.55,291218.7,0.0,69212.35,395343.86,100073.1,1499.72,92339.4,471609.98,87807.76
GOV SCH FOR SCIENCE & MATH,597216.2,145871.37,1571091.6400000001,535588.68,226531.51,72030.6,190462.78,30825.46,80937.85,1233645.17,227863.63,0.0,229113.67,729028.93,76787.41,6880.360000000001,385535.74,486652.37,66744.52
GOV SCH OF AGRICULTURE AT JDLH,6966756.71,1624.0,290496.45,232817.49,271069.15,75069.73,14081.0,41323.67,8217.87,377531.59,263046.74,21935.74,400860.64,764975.63,74478.65,0.0,172935.76,276262.27,432806.77
GOVERNORS OFF-E C OF S,0.0,0.0,0.0,512348.67,68087.63,5337.259999999999,0.0,114134.5,93408.94,72973.34,6516.61,0.0,0.0,25871.29,41505.87,0.0,26038.010000000002,0.0,1787.05
GOVERNORS OFF-MAN & GRND,0.0,0.0,45412.14,50795.020000000004,2564.0,2463.5,0.0,45.35,407.8,55647.85,18555.5,0.0,0.0,59286.24,7713.28,0.0,21763.22,0.0,0.0
GOVERNORS OFF-SLED,45947.28,21624.0,1015.22,11548923.58,3430291.3200000003,213054.71,997585.41,677480.04,131481.0,12399893.22,475414.96,0.0,105.0,7457062.32,4953930.0,175.0,751989.62,1494504.86,7733555.9799999995
HIGHER ED TUITION GRANT COMM,0.0,0.0,0.0,38808.58,4426.5,0.0,0.0,3643.0,2936.97,647.61,3475.31,0.0,0.0,5347.03,3021.79,0.0,25378.55,0.0,0.0
HIGHER EDUCATION COMM,0.0,1623.9999999999998,239.0,2961836.87,101988.06999999999,20356.29,0.0,6259488.82,98703.22,561254.64,97829.75,0.0,0.0,27697.05,38887.52,0.0,149460.5,0.0,1502.97
HOUSING AUTHORITY,0.0,0.0,0.0,1847803.07,224473.0,36224.520000000004,0.0,53267.01,155681.01,1156697.7,190637.75,0.0,72065.59,63158.06,256046.85,25090.0,192267.79,0.0,151217.23
HUMAN AFFAIRS COMM,0.0,1624.0,0.0,179734.94,31851.25,23342.67,0.0,4013.0,15439.98,128993.93000000001,126158.62000000001,0.0,35690.2,16081.68,22529.78,0.0,36697.05,0.0,24649.69
INSURANCE DEPARTMENT,7884.8,1624.0,0.0,702350.79,101562.1,41278.55,0.0,100953.31999999999,70127.0,4902094.11,100141.24,0.0,0.0,73214.16,106755.93000000001,0.0,88788.16,239.55,9327.91
JUDICIAL DEPARTMENT,0.0,0.0,0.0,2818034.38,266570.59,16610.41,5350.0,282276.58,76572.97,1390506.54,1393213.45,0.0,0.0,3324982.31,299072.42,22233.0,1859837.51,280.77,149.25
LAW ENFORCEMENT TRN COUNCIL,2267132.77,53266.25,704032.0,1150824.99,630366.61,31890.78,335521.96,2712.3199999999997,43436.68,13230.43,182734.87,0.0,68176.25,805868.49,140654.77,6.99,101778.62,561476.1900000001,528331.62
LEG DEPT-CDE LAWS LEG CNCL,6223.5,0.0,0.0,22205.21,19409.44,187890.82,0.0,520054.0,1384.83,913.6700000000001,4200.42,0.0,0.0,19508.2,0.0,0.0,41172.5,0.0,0.0
LEG DEPT-HOUSE OF REPRE,736801.76,0.0,0.0,235349.09,481275.12,1181.2,0.0,9505.0,292656.70999999996,104316.95999999999,312282.52,0.0,0.0,162495.78,37250.07,0.0,1312301.08,0.0,31913.6
LEG DEPT-LEG AUDIT COUNCIL,0.0,1624.0,0.0,74137.09,8942.52,0.0,0.0,5871.0,3326.93,700.42,8500.77,0.0,0.0,4710.0,20590.64,0.0,21669.27,0.0,0.0
"LEG DEPT-LEG PRINT,INFO & TECH",6517395.86,0.0,0.0,3840591.68,42025.0,478591.0,0.0,1695.0,1599.08,39018.16,11569.08,0.0,0.0,137137.29,1015555.2000000001,0.0,78955.8,0.0,0.0
LEG DEPT-THE SENATE,167525.93,555300.0,0.0,165397.02,159566.9,15217.970000000001,9938.0,9995.0,108736.27,124454.25,32301.67,0.0,0.0,92455.92,19658.45,0.0,612101.4,0.0,18410.48
MENTAL HEALTH DEPT,26639647.13,1732439.7,3031865.4899999998,12201532.65,7648627.300000001,391809.18,31005637.29,385523.82,868271.91,11908347.51,6598315.53,0.0,3685417.84,15709016.69,3747836.34,47140.98,987796.25,5463718.05,1615055.75
MUSEUM COMMISSION,524135.94,1624.0,0.0,294125.5,82292.0,201552.31,0.0,61339.31,91655.5,444158.06,1920670.92,0.0,0.0,732394.1,48538.56,0.0,63626.49,0.0,11819.18
OFFICE OF REGULATORY STAFF,0.0,44149.130000000005,0.0,2299349.85,106219.55,210957.39,0.0,105624.16,32921.76,2993431.31,42332.69,0.0,0.0,1354622.82,74474403.25,0.0,110022.08,0.0,149623.29
OFFICE OF RESILIENCE,569340.19,503539.11,0.0,654597.54,99278.65,57611.11,0.0,5225.62,4436.44,29049661.56,46565.7,0.0,0.0,60386.61,70641.3,9537835.92,192962.24,0.0,143155.64
OFFICE OF THE INSP GENERAL,8360.37,0.0,0.0,104498.28,24102.05,0.0,0.0,5039.0,221.71,3526.74,11079.74,0.0,0.0,6191.49,12984.62,0.0,31418.09,0.0,12579.1
OPIOID RECOVERY FUND BOARD,0.0,0.0,0.0,85557.8,0.0,0.0,0.0,0.0,0.0,83032.64,0.0,0.0,0.0,221.87,5307.26,0.0,12989.789999999999,0.0,0.0
PARKS RECREATION & TOURISM,18047830.77,860770.61,17277.59,1156205.6,1341946.7,16029074.34,9445.13,102369.08,460402.4,1371708.66,7191156.56,847369.8099999999,82819.14,8703403.56,1412457.66,329983.89,618344.33,4236114.33,1967995.73
PATRIOTS POINT DEV AUTH,114037.48999999999,0.0,0.0,238301.55000000002,287279.51999999996,767962.39,0.0,37698.34,47503.29,1138374.69,84517.65,0.0,62867.55,1336462.26,175616.57,26250.0,72218.77,382428.13,46348.93
PORTS AUTHORITY,0.0,0.0,0.0,0.0,0.0,0.0,0.0,0.0,0.0,255790373.5,0.0,0.0,0.0,0.0,0.0,0.0,0.0,0.0,0.0
PROBATION PAROLE & PARDON SERV,0.0,113761.58,0.0,7174397.03,2083262.27,57506.33,46420.94,44205.25,101560.66,1754610.55,185658.56,2264.85,74038.83,1844505.44,2453619.88,29092.64,491358.91,139153.62,5624054.63
PROCUREMENT REVIEW PANEL,0.0,0.0,0.0,29443.54,8133.85,0.0,0.0,0.0,0.0,0.0,15779.029999999999,0.0,891.16,0.0,229.64,0.0,0.0,0.0,0.0
PUBLIC EMPLOYEES BENEFITS AUTH,0.0,153034.57,0.0,6300212.48,507767.47000000003,85635.62,171400.67,40770.0,485210.76,3458804.2,253096.39,75.1,346901.07,72365.5,411305.25,0.0,49891.96,142686.86000000002,2613.43
PUBLIC SERVICE COMMISSION,0.0,0.0,247.5,177110.22,37542.0,22016.97,0.0,32564.0,14944.679999999998,76067.68,21135.47,0.0,0.0,19974.7,28717.87,0.0,138325.16,0.0,131.28
RETIREMENT SYS INVESTMNT COMM,0.0,0.0,0.0,210738.85,65044.94,0.0,0.0,67482.0,994.11,2519426.42,41614.07,0.0,2616.0,85668.38,61743.49,0.0,164630.26,0.0,73.55
REVENUE AND FISCAL AFFAIRS OFF,0.0,585184.0,0.0,1140175.05,115377.09,64.5,0.0,3457.0,3899.39,3722075.17,303744.87,0.0,12472.349999999999,552064.39,4833223.26,332404.64,23499.48,502.68,6188.05
RURAL INFRASTRUCTURE AUTHORITY,0.0,243834.9,0.0,4687.99,14525.0,812.16,0.0,9471.0,0.0,98572.75,1488.23,0.0,0.0,444.48,0.0,0.0,6787.92,0.0,0.0
S C CONSERVATION BANK,54850958.0,39949.69,0.0,33920.59,13969.0,0.0,0.0,25.0,4684.05,47483.26,612.63,0.0,0.0,4388.65,12142.86,0.0,9821.52,0.0,4656.75
S C TRANSP INFRASTRUCTURE BANK,1651303.0,68088.1,0.0,0.0,0.0,0.0,0.0,125.0,0.0,112379.98,6086.37,11171578.76,0.0,779.25,0.0,0.0,1033.1399999999999,0.0,0.0
S C WORKERS' COMPENSATION COMM,0.0,0.0,0.0,538076.26,290650.26,164.44,0.0,10329.0,40563.74,240762.24,61017.72,0.0,17709.75,67411.01,34540.35,0.0,88373.79,0.0,42803.21
SC AERONAUTICS,6314.64,1624.0,18.41,264355.58,156328.84,52848.53,0.0,25178.75,7315.71,1761760.6400000001,26344.56,0.0,0.0,184921.91,33380.58,7500.0,55330.68,38245.45,7280431.44
SC COMM ON PROSECUTION COORDIN,0.0,1624.0,0.0,168654.13999999998,11531.0,2295.91,0.0,4294.32,70.89,73913.47,54593.380000000005,0.0,3907.33,9533.47,3872.27,0.0,18026.47,0.0,197.76
SEA GRANT CONSORTIUM,0.0,1624.0,0.0,61727.2,19824.0,7756.73,660.0,15574.0,18241.309999999998,116476.02,12546.08,0.0,0.0,37098.17,21153.14,0.0,84514.31,8907.09,24561.74
SECRETARY OF STATE,0.0,0.0,0.0,311523.07,35716.2,7512.599999999999,0.0,13446.0,170653.83000000002,111548.85,116248.55,0.0,0.0,42597.14,46844.87,0.0,19336.35,0.0,29846.940000000002
SFAA - AUDITOR'S OFFICE,0.0,0.0,0.0,259183.01,17320.5,11441.53,0.0,31247.75,1506.46,1038372.95,25423.04,0.0,0.0,5561.62,50992.1,0.0,62715.35,0.0,0.0
SOCIAL SERVICES DEPT,19863.67,48965301.33,1352700.49,37027692.04,4630408.77,1872843.33,7163.25,1100285.13,3207727.96,61235824.65,3148852.89,0.0,920427.37,2073441.52,6755303.33,4540.41,1386317.1,22049.52,9104735.75
STATE ACCIDENT FUND,0.0,1624.0,0.0,424506.78,76493741.16,2049.13,0.0,6384.0,52263.06,3511617.1,75200.57,0.0,0.0,23730.93,46561.01,0.0,32163.22,0.0,28.0
STATE COMMISSION FOR MINORITY,0.0,1624.0,108.96,262252.86,21167.1,203336.28,0.0,2697.22,8591.58,71239.03,21807.98,0.0,156.86,57066.91,44295.76,464.6,41152.840000000004,0.0,41170.07
STATE ETHICS COMMISSION,0.0,0.0,0.0,111681.61,58556.0,648.69,0.0,2421.0,26201.73,4269.849999999999,10024.63,0.0,0.0,16795.37,48793.49,0.0,13262.94,0.0,63820.64
STATE FISCAL ACCT AUTHORITY,0.0,6192.3,0.0,2843818.67,203417735.38,1518.65,0.0,39735.44,7486.71,9713433.68,784303.8799999999,0.0,0.0,32288.37,140101.81,708506.0,240834.31,365.65000000000003,17954.56
STATE LIBRARY,0.0,5884.11,0.0,687990.76,33320.97,190831.04,0.0,27256.94,74914.72,177106.63,485492.66000000003,0.0,0.0,501274.8,73714.76,0.0,83018.84,0.0,15017.83
STATE TREASURERS OFFICE,55626.58,114099.72,0.0,615737.43,110384.24,21063.29,0.0,5867.5,9758.83,1091759.87,399357.64,0.0,0.0,102308.95,42503.3,0.0,35252.38,0.0,0.0
TECH & COMP EDUC BD,110021609.36,0.0,0.0,1449869.35,199020.1,447236.52,0.0,212620.27,8684.14,13337124.83,244127.06,0.0,186735.11,2776689.48,193045.39,37632.0,441611.32,224314.8,171988.16
TOBACCO SETTLMNT REV MGMT AUTH,0.0,0.0,0.0,0.0,5010.0,0.0,0.0,0.0,0.0,26700.0,0.0,0.0,0.0,0.0,0.0,0.0,0.0,0.0,0.0
VOCATIONAL REHABILITATION,2367457.9,183478.69,245651.73,2114689.62,720387.9,119767.2,766385.49,71908.6,349385.03,2482238.84,1094953.82,0.0,436761.01,10826489.5,1495137.25,8965.35,1145521.01,1347426.44,688034.16
WIL LOU GRAY OPPORTUN SCH,358202.51999999996,1624.0,214981.64,390520.49,134465.52000000002,483271.28,378.0,12482.71,32909.5,180534.91,122831.49,0.0,35755.44,863785.73,125710.42,29825.79,67930.66,186152.13999999998,170978.38
